ISO-10303-21;
HEADER;
FILE_DESCRIPTION (( 'STEP AP214' ),
    '1' );
FILE_NAME ('Puck Adapter Plate_20190319.STEP',
    '2019-03-19T18:48:20',
    ( 'Marc' ),
    ( '' ),
    'SwSTEP 2.0',
    'SolidWorks 2017',
    '' );
FILE_SCHEMA (( 'AUTOMOTIVE_DESIGN' ));
ENDSEC;

DATA;
#1 = CIRCLE ( 'NONE', #2248, 0.02000000000000005900 ) ;
#2 = ADVANCED_FACE ( 'NONE', ( #714 ), #1983, .T. ) ;
#3 = EDGE_CURVE ( 'NONE', #372, #1560, #2178, .T. ) ;
#4 = VECTOR ( 'NONE', #1487, 39.37007874015748100 ) ;
#5 = CARTESIAN_POINT ( 'NONE',  ( -0.8049999999999997200, -0.1250000000000000300, 0.06250000000000000000 ) ) ;
#6 = ORIENTED_EDGE ( 'NONE', *, *, #744, .F. ) ;
#7 = LINE ( 'NONE', #2269, #446 ) ;
#8 = DIRECTION ( 'NONE',  ( -0.0000000000000000000, -1.000000000000000000, -0.0000000000000000000 ) ) ;
#9 = VERTEX_POINT ( 'NONE', #2283 ) ;
#10 = EDGE_CURVE ( 'NONE', #1284, #1154, #598, .T. ) ;
#11 = VECTOR ( 'NONE', #805, 39.37007874015748100 ) ;
#12 = CIRCLE ( 'NONE', #3288, 0.02000000000000005900 ) ;
#13 = DIRECTION ( 'NONE',  ( -1.000000000000000000, -0.0000000000000000000, -0.0000000000000000000 ) ) ;
#14 = ORIENTED_EDGE ( 'NONE', *, *, #3132, .F. ) ;
#15 = CARTESIAN_POINT ( 'NONE',  ( 0.6550000000000000300, -0.005000000000000049500, 0.06250000000000000000 ) ) ;
#16 = EDGE_CURVE ( 'NONE', #1005, #2644, #494, .T. ) ;
#17 = DIRECTION ( 'NONE',  ( 1.000000000000000000, 0.0000000000000000000, 7.114187483500688500E-017 ) ) ;
#18 = ORIENTED_EDGE ( 'NONE', *, *, #2365, .F. ) ;
#19 = DIRECTION ( 'NONE',  ( -1.000000000000000000, -0.0000000000000000000, 0.0000000000000000000 ) ) ;
#20 = CARTESIAN_POINT ( 'NONE',  ( -0.6300000000000001200, 0.3249999999999999600, -0.08999999999999999700 ) ) ;
#21 = EDGE_CURVE ( 'NONE', #3050, #2505, #3184, .T. ) ;
#22 = VERTEX_POINT ( 'NONE', #2351 ) ;
#23 = EDGE_CURVE ( 'NONE', #1840, #2967, #2141, .T. ) ;
#24 = LINE ( 'NONE', #486, #2212 ) ;
#25 = DIRECTION ( 'NONE',  ( 5.154430176725024800E-016, -1.000000000000000000, -0.0000000000000000000 ) ) ;
#26 = CARTESIAN_POINT ( 'NONE',  ( 0.8249999999999998400, 0.2199999999999999700, 0.06250000000000000000 ) ) ;
#27 = VECTOR ( 'NONE', #1508, 39.37007874015748100 ) ;
#28 = EDGE_LOOP ( 'NONE', ( #2889, #3229, #3352, #1056 ) ) ;
#29 = CARTESIAN_POINT ( 'NONE',  ( -0.8249999999999999600, 0.4649999999999999700, 0.0000000000000000000 ) ) ;
#30 = FACE_OUTER_BOUND ( 'NONE', #1976, .T. ) ;
#31 = ORIENTED_EDGE ( 'NONE', *, *, #2797, .T. ) ;
#32 = DIRECTION ( 'NONE',  ( -1.000000000000000000, 0.0000000000000000000, -0.0000000000000000000 ) ) ;
#33 = LINE ( 'NONE', #279, #2943 ) ;
#34 = PRODUCT_DEFINITION_FORMATION_WITH_SPECIFIED_SOURCE ( 'ANY', '', #1738, .NOT_KNOWN. ) ;
#35 = DIRECTION ( 'NONE',  ( -1.000000000000000000, 0.0000000000000000000, -0.0000000000000000000 ) ) ;
#36 = DIRECTION ( 'NONE',  ( 0.0000000000000000000, -0.7071067811865435800, 0.7071067811865513500 ) ) ;
#37 = DIRECTION ( 'NONE',  ( -0.0000000000000000000, -0.0000000000000000000, 1.000000000000000000 ) ) ;
#38 = ORIENTED_EDGE ( 'NONE', *, *, #2861, .T. ) ;
#39 = CARTESIAN_POINT ( 'NONE',  ( -0.8699999999999997700, -0.1250000000000000300, -0.09000000000000001100 ) ) ;
#40 = LINE ( 'NONE', #2194, #2087 ) ;
#41 = AXIS2_PLACEMENT_3D ( 'NONE', #3223, #2157, #903 ) ;
#42 = ORIENTED_EDGE ( 'NONE', *, *, #802, .F. ) ;
#43 = CARTESIAN_POINT ( 'NONE',  ( -0.6750000000000000400, 0.1999999999999999800, 0.0000000000000000000 ) ) ;
#44 = VECTOR ( 'NONE', #637, 39.37007874015748100 ) ;
#45 = ORIENTED_EDGE ( 'NONE', *, *, #191, .T. ) ;
#46 = CARTESIAN_POINT ( 'NONE',  ( 0.8449999999999998600, 0.2199999999999999700, 0.06250000000000000000 ) ) ;
#47 = DIRECTION ( 'NONE',  ( -0.0000000000000000000, 1.000000000000000000, -0.0000000000000000000 ) ) ;
#48 = CARTESIAN_POINT ( 'NONE',  ( 0.6950000000000000600, 0.3249999999999999600, -0.04000000000000000100 ) ) ;
#49 = ORIENTED_EDGE ( 'NONE', *, *, #1653, .F. ) ;
#50 = ORIENTED_EDGE ( 'NONE', *, *, #1201, .F. ) ;
#51 = ADVANCED_FACE ( 'NONE', ( #1332 ), #195, .F. ) ;
#52 = FACE_OUTER_BOUND ( 'NONE', #409, .T. ) ;
#53 = EDGE_CURVE ( 'NONE', #1877, #163, #2311, .T. ) ;
#54 = ORIENTED_EDGE ( 'NONE', *, *, #474, .T. ) ;
#55 = ORIENTED_EDGE ( 'NONE', *, *, #3066, .T. ) ;
#56 = AXIS2_PLACEMENT_3D ( 'NONE', #531, #1509, #303 ) ;
#57 = DIRECTION ( 'NONE',  ( -1.000000000000000000, 0.0000000000000000000, 0.0000000000000000000 ) ) ;
#58 = VECTOR ( 'NONE', #552, 39.37007874015748100 ) ;
#59 = ORIENTED_EDGE ( 'NONE', *, *, #2149, .T. ) ;
#60 = CARTESIAN_POINT ( 'NONE',  ( 0.8050000000000000500, 0.3249999999999999600, -0.08999999999999999700 ) ) ;
#61 = EDGE_CURVE ( 'NONE', #2719, #234, #1304, .T. ) ;
#62 = CIRCLE ( 'NONE', #3012, 0.02000000000000005900 ) ;
#63 = DIRECTION ( 'NONE',  ( -1.000000000000000000, -1.707404996040159400E-015, 0.0000000000000000000 ) ) ;
#64 = ORIENTED_EDGE ( 'NONE', *, *, #284, .F. ) ;
#65 = ORIENTED_EDGE ( 'NONE', *, *, #1928, .F. ) ;
#66 = DIRECTION ( 'NONE',  ( -1.000000000000000000, 0.0000000000000000000, 0.0000000000000000000 ) ) ;
#67 = ORIENTED_EDGE ( 'NONE', *, *, #2475, .T. ) ;
#68 = DIRECTION ( 'NONE',  ( 0.0000000000000000000, 0.0000000000000000000, -1.000000000000000000 ) ) ;
#69 = AXIS2_PLACEMENT_3D ( 'NONE', #2029, #2236, #214 ) ;
#70 = AXIS2_PLACEMENT_3D ( 'NONE', #2479, #2384, #1113 ) ;
#71 = VECTOR ( 'NONE', #1179, 39.37007874015748100 ) ;
#72 = DIRECTION ( 'NONE',  ( 0.0000000000000000000, 1.000000000000000000, 0.0000000000000000000 ) ) ;
#73 = ORIENTED_EDGE ( 'NONE', *, *, #929, .F. ) ;
#74 = EDGE_CURVE ( 'NONE', #2210, #133, #3244, .T. ) ;
#75 = ORIENTED_EDGE ( 'NONE', *, *, #1599, .F. ) ;
#76 = CARTESIAN_POINT ( 'NONE',  ( 0.8249999999999999600, 0.4449999999999999500, 0.06250000000000000000 ) ) ;
#77 = AXIS2_PLACEMENT_3D ( 'NONE', #1945, #1342, #1075 ) ;
#78 = LINE ( 'NONE', #1315, #538 ) ;
#79 = EDGE_CURVE ( 'NONE', #2909, #3083, #360, .T. ) ;
#80 = CARTESIAN_POINT ( 'NONE',  ( -0.6550000000000002500, 0.2199999999999999700, 0.0000000000000000000 ) ) ;
#81 = CARTESIAN_POINT ( 'NONE',  ( 0.7849999999999999200, 0.4249999999999999900, 0.0000000000000000000 ) ) ;
#82 = FACE_OUTER_BOUND ( 'NONE', #2188, .T. ) ;
#83 = EDGE_LOOP ( 'NONE', ( #2098, #945, #2242, #1072, #2360 ) ) ;
#84 = EDGE_CURVE ( 'NONE', #3120, #2608, #2953, .T. ) ;
#85 = LINE ( 'NONE', #2024, #1175 ) ;
#86 = VERTEX_POINT ( 'NONE', #2139 ) ;
#87 = DIRECTION ( 'NONE',  ( -1.000000000000000000, 0.0000000000000000000, 0.0000000000000000000 ) ) ;
#88 = FACE_OUTER_BOUND ( 'NONE', #1083, .T. ) ;
#89 = FILL_AREA_STYLE ('',( #1224 ) ) ;
#90 = CARTESIAN_POINT ( 'NONE',  ( 0.7749999999999999100, -0.7749999999999999100, 0.0000000000000000000 ) ) ;
#91 =( LENGTH_UNIT ( ) NAMED_UNIT ( * ) SI_UNIT ( $, .METRE. ) );
#92 = ADVANCED_FACE ( 'NONE', ( #1536 ), #1364, .T. ) ;
#93 = LINE ( 'NONE', #852, #3281 ) ;
#94 = AXIS2_PLACEMENT_3D ( 'NONE', #2668, #2855, #1606 ) ;
#95 = ORIENTED_EDGE ( 'NONE', *, *, #2146, .T. ) ;
#96 = LINE ( 'NONE', #2116, #928 ) ;
#97 = CARTESIAN_POINT ( 'NONE',  ( 0.6550000000000000300, 0.01499999999999997700, 0.06250000000000000000 ) ) ;
#98 = ORIENTED_EDGE ( 'NONE', *, *, #2093, .T. ) ;
#99 = AXIS2_PLACEMENT_3D ( 'NONE', #394, #2961, #3353 ) ;
#100 = VECTOR ( 'NONE', #3400, 39.37007874015748100 ) ;
#101 = CARTESIAN_POINT ( 'NONE',  ( -1.500000000000000200, 0.4249999999999999900, 0.0000000000000000000 ) ) ;
#102 = VERTEX_POINT ( 'NONE', #730 ) ;
#103 = AXIS2_PLACEMENT_3D ( 'NONE', #3058, #2895, #3010 ) ;
#104 = CARTESIAN_POINT ( 'NONE',  ( -0.7149999999999998600, -0.02500000000000001500, 0.0000000000000000000 ) ) ;
#105 = ORIENTED_EDGE ( 'NONE', *, *, #930, .T. ) ;
#106 = DIRECTION ( 'NONE',  ( 0.0000000000000000000, 0.0000000000000000000, -1.000000000000000000 ) ) ;
#107 = CARTESIAN_POINT ( 'NONE',  ( -0.6949999999999998400, -0.1250000000000000300, -0.08999999999999999700 ) ) ;
#108 = CARTESIAN_POINT ( 'NONE',  ( -0.8449999999999998600, 0.2199999999999999700, 0.0000000000000000000 ) ) ;
#109 = CYLINDRICAL_SURFACE ( 'NONE', #3344, 0.02000000000000005900 ) ;
#110 = CARTESIAN_POINT ( 'NONE',  ( -1.500000000000000200, 0.2849999999999999800, -0.04000000000000000100 ) ) ;
#111 = ORIENTED_EDGE ( 'NONE', *, *, #2571, .T. ) ;
#112 = ADVANCED_FACE ( 'NONE', ( #1691 ), #1344, .T. ) ;
#113 = DIRECTION ( 'NONE',  ( 0.0000000000000000000, 0.0000000000000000000, -1.000000000000000000 ) ) ;
#114 = VERTEX_POINT ( 'NONE', #2378 ) ;
#115 = CARTESIAN_POINT ( 'NONE',  ( 0.8750000000000003300, 0.0000000000000000000, 0.06250000000000000000 ) ) ;
#116 = ORIENTED_EDGE ( 'NONE', *, *, #344, .T. ) ;
#117 = DIRECTION ( 'NONE',  ( 0.0000000000000000000, 0.0000000000000000000, -1.000000000000000000 ) ) ;
#118 = LINE ( 'NONE', #2999, #1287 ) ;
#119 = ORIENTED_EDGE ( 'NONE', *, *, #785, .F. ) ;
#120 = AXIS2_PLACEMENT_3D ( 'NONE', #1350, #2914, #804 ) ;
#121 = EDGE_LOOP ( 'NONE', ( #1850, #3206, #1853, #2154 ) ) ;
#122 = DIRECTION ( 'NONE',  ( -1.000000000000000000, 0.0000000000000000000, 0.0000000000000000000 ) ) ;
#123 = DIRECTION ( 'NONE',  ( -0.0000000000000000000, -0.0000000000000000000, -1.000000000000000000 ) ) ;
#124 = ORIENTED_EDGE ( 'NONE', *, *, #1953, .T. ) ;
#125 = DIRECTION ( 'NONE',  ( -1.000000000000000000, -0.0000000000000000000, -0.0000000000000000000 ) ) ;
#126 = ORIENTED_EDGE ( 'NONE', *, *, #1086, .F. ) ;
#127 = VERTEX_POINT ( 'NONE', #747 ) ;
#128 = LINE ( 'NONE', #2074, #3406 ) ;
#129 = CARTESIAN_POINT ( 'NONE',  ( -1.365923996832131600E-016, -0.1250000000000000300, 0.0000000000000000000 ) ) ;
#130 = VERTEX_POINT ( 'NONE', #178 ) ;
#131 = CIRCLE ( 'NONE', #638, 0.04000000000000000100 ) ;
#132 = VERTEX_POINT ( 'NONE', #3369 ) ;
#133 = VERTEX_POINT ( 'NONE', #2006 ) ;
#134 = CARTESIAN_POINT ( 'NONE',  ( -0.8249999999999998400, -0.2300000000000000400, 0.06250000000000000000 ) ) ;
#135 = AXIS2_PLACEMENT_3D ( 'NONE', #1424, #1367, #2059 ) ;
#136 = LINE ( 'NONE', #988, #2226 ) ;
#137 = VERTEX_POINT ( 'NONE', #687 ) ;
#138 = VECTOR ( 'NONE', #992, 39.37007874015748100 ) ;
#139 = PLANE ( 'NONE',  #2208 ) ;
#140 = ORIENTED_EDGE ( 'NONE', *, *, #2838, .T. ) ;
#141 = DIRECTION ( 'NONE',  ( 0.0000000000000000000, 0.0000000000000000000, -1.000000000000000000 ) ) ;
#142 = DIRECTION ( 'NONE',  ( -1.000000000000000000, 0.0000000000000000000, 0.0000000000000000000 ) ) ;
#143 = ORIENTED_EDGE ( 'NONE', *, *, #1195, .F. ) ;
#144 = DIRECTION ( 'NONE',  ( 0.0000000000000000000, 0.0000000000000000000, -1.000000000000000000 ) ) ;
#145 = LINE ( 'NONE', #745, #881 ) ;
#146 = DIRECTION ( 'NONE',  ( 0.0000000000000000000, -1.000000000000000000, 0.0000000000000000000 ) ) ;
#147 = DIRECTION ( 'NONE',  ( -0.0000000000000000000, -0.0000000000000000000, 1.000000000000000000 ) ) ;
#148 = EDGE_CURVE ( 'NONE', #1268, #334, #196, .T. ) ;
#149 = VECTOR ( 'NONE', #1957, 39.37007874015748100 ) ;
#150 = EDGE_LOOP ( 'NONE', ( #2546, #2660, #3077, #2942 ) ) ;
#151 = DIRECTION ( 'NONE',  ( 0.0000000000000000000, 0.0000000000000000000, -1.000000000000000000 ) ) ;
#152 = CIRCLE ( 'NONE', #41, 0.02000000000000005900 ) ;
#153 = AXIS2_PLACEMENT_3D ( 'NONE', #1414, #1897, #1600 ) ;
#154 = ORIENTED_EDGE ( 'NONE', *, *, #1406, .T. ) ;
#155 = CARTESIAN_POINT ( 'NONE',  ( 0.8449999999999997500, -0.2500000000000000000, 0.0000000000000000000 ) ) ;
#156 = EDGE_CURVE ( 'NONE', #2755, #2474, #1782, .T. ) ;
#157 = LINE ( 'NONE', #309, #2434 ) ;
#158 = AXIS2_PLACEMENT_3D ( 'NONE', #2001, #2233, #2044 ) ;
#159 = CARTESIAN_POINT ( 'NONE',  ( 0.6950000000000000600, 0.3249999999999999600, 0.06250000000000000000 ) ) ;
#160 = ORIENTED_EDGE ( 'NONE', *, *, #1573, .F. ) ;
#161 = VECTOR ( 'NONE', #855, 39.37007874015748100 ) ;
#162 = EDGE_CURVE ( 'NONE', #2833, #2940, #1478, .T. ) ;
#163 = VERTEX_POINT ( 'NONE', #1954 ) ;
#164 = PLANE ( 'NONE',  #2483 ) ;
#165 = CARTESIAN_POINT ( 'NONE',  ( 0.8249999999999996200, -0.2300000000000000100, 0.06250000000000000000 ) ) ;
#166 = LINE ( 'NONE', #1652, #1803 ) ;
#167 = EDGE_LOOP ( 'NONE', ( #1163, #2677, #3041, #3137 ) ) ;
#168 = VECTOR ( 'NONE', #3079, 39.37007874015748100 ) ;
#169 = EDGE_LOOP ( 'NONE', ( #1607, #2053, #1551, #416 ) ) ;
#170 = FACE_OUTER_BOUND ( 'NONE', #2271, .T. ) ;
#171 = EDGE_CURVE ( 'NONE', #437, #1231, #2659, .T. ) ;
#172 = CARTESIAN_POINT ( 'NONE',  ( -0.6299999999999997800, -0.02500000000000001500, -0.08999999999999999700 ) ) ;
#173 = ORIENTED_EDGE ( 'NONE', *, *, #868, .T. ) ;
#174 = EDGE_CURVE ( 'NONE', #3268, #1346, #847, .T. ) ;
#175 = DIRECTION ( 'NONE',  ( -1.000000000000000000, -1.707404996040159400E-015, 0.0000000000000000000 ) ) ;
#176 = ORIENTED_EDGE ( 'NONE', *, *, #1522, .F. ) ;
#177 = AXIS2_PLACEMENT_3D ( 'NONE', #2988, #2230, #1114 ) ;
#178 = CARTESIAN_POINT ( 'NONE',  ( 0.7849999999999999200, 0.4249999999999999900, -0.08999999999999999700 ) ) ;
#179 = DIRECTION ( 'NONE',  ( 1.000000000000000000, -0.0000000000000000000, -0.0000000000000000000 ) ) ;
#180 = CARTESIAN_POINT ( 'NONE',  ( 0.8249999999999998400, -0.005000000000000014800, 0.06250000000000000000 ) ) ;
#181 = VECTOR ( 'NONE', #1548, 39.37007874015748100 ) ;
#182 = CARTESIAN_POINT ( 'NONE',  ( -0.6749999999999999300, 0.01499999999999997700, 0.0000000000000000000 ) ) ;
#183 = ORIENTED_EDGE ( 'NONE', *, *, #2245, .F. ) ;
#184 = DIRECTION ( 'NONE',  ( 0.0000000000000000000, 0.0000000000000000000, 1.000000000000000000 ) ) ;
#185 = EDGE_CURVE ( 'NONE', #896, #590, #2079, .T. ) ;
#186 = CIRCLE ( 'NONE', #1643, 0.02000000000000005900 ) ;
#187 = DIRECTION ( 'NONE',  ( 1.000000000000000000, 0.0000000000000000000, 0.0000000000000000000 ) ) ;
#188 = DIRECTION ( 'NONE',  ( 1.000000000000000000, 0.0000000000000000000, 0.0000000000000000000 ) ) ;
#189 = ORIENTED_EDGE ( 'NONE', *, *, #1793, .T. ) ;
#190 = CARTESIAN_POINT ( 'NONE',  ( -0.8249999999999999600, 0.4449999999999999500, 0.06250000000000000000 ) ) ;
#191 = EDGE_CURVE ( 'NONE', #2036, #1840, #1836, .T. ) ;
#192 = CARTESIAN_POINT ( 'NONE',  ( -0.6950000000000000600, 0.4049999999999999700, -0.08999999999999999700 ) ) ;
#193 = LINE ( 'NONE', #2968, #1273 ) ;
#194 = ORIENTED_EDGE ( 'NONE', *, *, #1774, .T. ) ;
#195 = PLANE ( 'NONE',  #69 ) ;
#196 = LINE ( 'NONE', #247, #652 ) ;
#197 = DIRECTION ( 'NONE',  ( 1.000000000000000000, -0.0000000000000000000, 0.0000000000000000000 ) ) ;
#198 = CIRCLE ( 'NONE', #153, 0.02000000000000005900 ) ;
#199 = ORIENTED_EDGE ( 'NONE', *, *, #53, .T. ) ;
#200 = PRODUCT_RELATED_PRODUCT_CATEGORY ( 'part', '', ( #1738 ) ) ;
#201 = ADVANCED_BREP_SHAPE_REPRESENTATION ( 'Puck Adapter Plate_20190319', ( #517, #3097 ), #1621 ) ;
#202 = LINE ( 'NONE', #2496, #2092 ) ;
#203 = CARTESIAN_POINT ( 'NONE',  ( 0.8250000000000000700, 0.2199999999999999700, 0.06250000000000000000 ) ) ;
#204 = ADVANCED_FACE ( 'NONE', ( #2717 ), #2779, .F. ) ;
#205 = EDGE_LOOP ( 'NONE', ( #3242, #2933, #622, #571, #2192, #3324, #807 ) ) ;
#206 = VECTOR ( 'NONE', #1458, 39.37007874015748100 ) ;
#207 = ORIENTED_EDGE ( 'NONE', *, *, #2004, .F. ) ;
#208 = VECTOR ( 'NONE', #1348, 39.37007874015748100 ) ;
#209 = EDGE_CURVE ( 'NONE', #3218, #776, #286, .T. ) ;
#210 = DIRECTION ( 'NONE',  ( -1.000000000000000000, -0.0000000000000000000, -0.0000000000000000000 ) ) ;
#211 = ORIENTED_EDGE ( 'NONE', *, *, #2462, .T. ) ;
#212 = DIRECTION ( 'NONE',  ( -0.0000000000000000000, -0.0000000000000000000, 1.000000000000000000 ) ) ;
#213 = CARTESIAN_POINT ( 'NONE',  ( -0.7149999999999998600, -0.04500000000000001200, -0.08999999999999999700 ) ) ;
#214 = DIRECTION ( 'NONE',  ( 0.0000000000000000000, 0.0000000000000000000, -1.000000000000000000 ) ) ;
#215 = EDGE_CURVE ( 'NONE', #1527, #889, #3173, .T. ) ;
#216 = LINE ( 'NONE', #3216, #3209 ) ;
#217 = ADVANCED_FACE ( 'NONE', ( #1936 ), #2007, .T. ) ;
#218 = PLANE ( 'NONE',  #3241 ) ;
#219 = ADVANCED_FACE ( 'NONE', ( #2330 ), #1206, .F. ) ;
#220 = ORIENTED_EDGE ( 'NONE', *, *, #3085, .T. ) ;
#221 = ADVANCED_FACE ( 'NONE', ( #281 ), #3384, .F. ) ;
#222 = DIRECTION ( 'NONE',  ( -1.000000000000000000, 0.0000000000000000000, -0.0000000000000000000 ) ) ;
#223 = DIRECTION ( 'NONE',  ( 0.0000000000000000000, 0.7071067811865514600, -0.7071067811865436900 ) ) ;
#224 = DIRECTION ( 'NONE',  ( 1.000000000000000000, 0.0000000000000000000, 0.0000000000000000000 ) ) ;
#225 = CARTESIAN_POINT ( 'NONE',  ( -0.7749999999999999100, 0.8999999999999999100, 0.0000000000000000000 ) ) ;
#226 = CYLINDRICAL_SURFACE ( 'NONE', #2972, 0.02000000000000005900 ) ;
#227 = DIRECTION ( 'NONE',  ( 0.0000000000000000000, 0.0000000000000000000, -1.000000000000000000 ) ) ;
#228 = ORIENTED_EDGE ( 'NONE', *, *, #1567, .F. ) ;
#229 = PLANE ( 'NONE',  #2907 ) ;
#230 = DIRECTION ( 'NONE',  ( 0.0000000000000000000, -0.0000000000000000000, -1.000000000000000000 ) ) ;
#231 = DIRECTION ( 'NONE',  ( 0.0000000000000000000, 0.0000000000000000000, -1.000000000000000000 ) ) ;
#232 = FACE_OUTER_BOUND ( 'NONE', #539, .T. ) ;
#233 = PRESENTATION_LAYER_ASSIGNMENT (  '', '', ( #2532 ) ) ;
#234 = VERTEX_POINT ( 'NONE', #2894 ) ;
#235 = LINE ( 'NONE', #1276, #1788 ) ;
#236 = EDGE_CURVE ( 'NONE', #1154, #130, #1102, .T. ) ;
#237 = DIRECTION ( 'NONE',  ( 0.0000000000000000000, -1.000000000000000000, 0.0000000000000000000 ) ) ;
#238 = DIRECTION ( 'NONE',  ( 0.0000000000000000000, 0.0000000000000000000, -1.000000000000000000 ) ) ;
#239 = FACE_OUTER_BOUND ( 'NONE', #1679, .T. ) ;
#240 = VECTOR ( 'NONE', #1101, 39.37007874015748100 ) ;
#241 = CARTESIAN_POINT ( 'NONE',  ( -0.8699999999999997700, -0.02500000000000001500, -0.09000000000000001100 ) ) ;
#242 = ORIENTED_EDGE ( 'NONE', *, *, #1923, .F. ) ;
#243 = DIRECTION ( 'NONE',  ( 1.000000000000000000, 0.0000000000000000000, 0.0000000000000000000 ) ) ;
#244 = VECTOR ( 'NONE', #2206, 39.37007874015748100 ) ;
#245 = EDGE_LOOP ( 'NONE', ( #2510, #2818, #448, #599, #2346, #282, #1678 ) ) ;
#246 = DIRECTION ( 'NONE',  ( -0.0000000000000000000, 1.000000000000000000, -0.0000000000000000000 ) ) ;
#247 = CARTESIAN_POINT ( 'NONE',  ( 0.6550000000000001400, 0.4649999999999999700, 0.06250000000000000000 ) ) ;
#248 = AXIS2_PLACEMENT_3D ( 'NONE', #2320, #3314, #2863 ) ;
#249 = ORIENTED_EDGE ( 'NONE', *, *, #2897, .F. ) ;
#250 = DIRECTION ( 'NONE',  ( -1.000000000000000000, 0.0000000000000000000, 0.0000000000000000000 ) ) ;
#251 = ORIENTED_EDGE ( 'NONE', *, *, #1105, .T. ) ;
#252 = DIRECTION ( 'NONE',  ( 5.154430176725024800E-016, -1.000000000000000000, -0.0000000000000000000 ) ) ;
#253 = ORIENTED_EDGE ( 'NONE', *, *, #2531, .T. ) ;
#254 = VECTOR ( 'NONE', #2776, 39.37007874015748100 ) ;
#255 = VERTEX_POINT ( 'NONE', #225 ) ;
#256 = DIRECTION ( 'NONE',  ( 1.000000000000000000, 0.0000000000000000000, 0.0000000000000000000 ) ) ;
#257 = CARTESIAN_POINT ( 'NONE',  ( -0.8249999999999999600, 0.4649999999999999700, 0.0000000000000000000 ) ) ;
#258 = VERTEX_POINT ( 'NONE', #732 ) ;
#259 = CARTESIAN_POINT ( 'NONE',  ( -0.8700000000000000000, 0.3249999999999999600, -0.09000000000000001100 ) ) ;
#260 = CARTESIAN_POINT ( 'NONE',  ( 0.8049999999999998300, -0.1250000000000000300, 0.0000000000000000000 ) ) ;
#261 = PLANE ( 'NONE',  #3265 ) ;
#262 = EDGE_CURVE ( 'NONE', #844, #2925, #1806, .T. ) ;
#263 = EDGE_CURVE ( 'NONE', #529, #810, #2593, .T. ) ;
#264 = EDGE_CURVE ( 'NONE', #429, #1317, #12, .T. ) ;
#265 = VERTEX_POINT ( 'NONE', #782 ) ;
#266 = DIRECTION ( 'NONE',  ( -1.000000000000000000, -0.0000000000000000000, -0.0000000000000000000 ) ) ;
#267 = AXIS2_PLACEMENT_3D ( 'NONE', #549, #3376, #2993 ) ;
#268 = LINE ( 'NONE', #2122, #27 ) ;
#269 = ORIENTED_EDGE ( 'NONE', *, *, #820, .F. ) ;
#270 = DIRECTION ( 'NONE',  ( 0.0000000000000000000, -1.000000000000000000, 0.0000000000000000000 ) ) ;
#271 = ORIENTED_EDGE ( 'NONE', *, *, #2076, .F. ) ;
#272 = AXIS2_PLACEMENT_3D ( 'NONE', #1586, #1411, #2445 ) ;
#273 = AXIS2_PLACEMENT_3D ( 'NONE', #1889, #467, #1537 ) ;
#274 = VERTEX_POINT ( 'NONE', #2542 ) ;
#275 = CARTESIAN_POINT ( 'NONE',  ( -0.8449999999999998600, 0.1999999999999999600, 0.06250000000000000000 ) ) ;
#276 = LINE ( 'NONE', #3259, #1552 ) ;
#277 = VERTEX_POINT ( 'NONE', #363 ) ;
#278 = EDGE_CURVE ( 'NONE', #1313, #1992, #62, .T. ) ;
#279 = CARTESIAN_POINT ( 'NONE',  ( 0.6300000000000001200, 0.4249999999999999900, -0.09000000000000001100 ) ) ;
#280 = DIRECTION ( 'NONE',  ( -1.000000000000000000, -0.0000000000000000000, -0.0000000000000000000 ) ) ;
#281 = FACE_OUTER_BOUND ( 'NONE', #1028, .T. ) ;
#282 = ORIENTED_EDGE ( 'NONE', *, *, #2617, .T. ) ;
#283 = CARTESIAN_POINT ( 'NONE',  ( 0.7849999999999998100, -0.04500000000000001200, -0.08999999999999999700 ) ) ;
#284 = EDGE_CURVE ( 'NONE', #2634, #3017, #2799, .T. ) ;
#285 = CARTESIAN_POINT ( 'NONE',  ( 0.8999999999999999100, -0.7749999999999999100, 0.03750000000000013000 ) ) ;
#286 = LINE ( 'NONE', #1470, #1301 ) ;
#287 = ORIENTED_EDGE ( 'NONE', *, *, #3233, .F. ) ;
#288 = ADVANCED_FACE ( 'NONE', ( #617 ), #3165, .F. ) ;
#289 = DIRECTION ( 'NONE',  ( -1.000000000000000000, 0.0000000000000000000, 0.0000000000000000000 ) ) ;
#290 = VECTOR ( 'NONE', #8, 39.37007874015748100 ) ;
#291 =( NAMED_UNIT ( * ) SI_UNIT ( $, .STERADIAN. ) SOLID_ANGLE_UNIT ( ) );
#292 = EDGE_CURVE ( 'NONE', #429, #127, #1642, .T. ) ;
#293 = ORIENTED_EDGE ( 'NONE', *, *, #1275, .F. ) ;
#294 = AXIS2_PLACEMENT_3D ( 'NONE', #1071, #3043, #1454 ) ;
#295 = CIRCLE ( 'NONE', #3385, 0.02000000000000005900 ) ;
#296 = CARTESIAN_POINT ( 'NONE',  ( -0.6750000000000001600, 0.4449999999999999500, 0.0000000000000000000 ) ) ;
#297 = EDGE_LOOP ( 'NONE', ( #2072, #575, #557, #1060, #770, #914, #3060, #59 ) ) ;
#298 = DIRECTION ( 'NONE',  ( 0.0000000000000000000, 0.0000000000000000000, -1.000000000000000000 ) ) ;
#299 = PLANE ( 'NONE',  #2132 ) ;
#300 = FACE_OUTER_BOUND ( 'NONE', #2292, .T. ) ;
#301 = CARTESIAN_POINT ( 'NONE',  ( -0.8050000000000000500, 0.3249999999999999600, 0.0000000000000000000 ) ) ;
#302 = ORIENTED_EDGE ( 'NONE', *, *, #842, .F. ) ;
#303 = DIRECTION ( 'NONE',  ( -1.000000000000000000, 0.0000000000000000000, 0.0000000000000000000 ) ) ;
#304 = EDGE_LOOP ( 'NONE', ( #1885, #2094, #1543, #585, #2603 ) ) ;
#305 = CARTESIAN_POINT ( 'NONE',  ( 0.6300000000000000000, -0.1250000000000000300, -0.1400000000000000100 ) ) ;
#306 = DIRECTION ( 'NONE',  ( -1.000000000000000000, 0.0000000000000000000, 0.0000000000000000000 ) ) ;
#307 = ADVANCED_FACE ( 'NONE', ( #1910 ), #628, .F. ) ;
#308 = ORIENTED_EDGE ( 'NONE', *, *, #2530, .F. ) ;
#309 = CARTESIAN_POINT ( 'NONE',  ( -0.8049999999999997200, -0.04500000000000001200, -0.09000000000000001100 ) ) ;
#310 = CARTESIAN_POINT ( 'NONE',  ( 0.8050000000000000500, 0.2199999999999999700, 0.0000000000000000000 ) ) ;
#311 = DIRECTION ( 'NONE',  ( -0.7071067811865435800, 0.0000000000000000000, -0.7071067811865513500 ) ) ;
#312 = EDGE_LOOP ( 'NONE', ( #361, #2349, #2470, #1732 ) ) ;
#313 = CARTESIAN_POINT ( 'NONE',  ( 0.8999999999999999100, 0.7750000000000000200, 0.03750000000000013000 ) ) ;
#314 = DIRECTION ( 'NONE',  ( -0.0000000000000000000, 1.000000000000000000, 0.0000000000000000000 ) ) ;
#315 = VECTOR ( 'NONE', #147, 39.37007874015748100 ) ;
#316 = ORIENTED_EDGE ( 'NONE', *, *, #2263, .T. ) ;
#317 = DIRECTION ( 'NONE',  ( -1.000000000000000000, -0.0000000000000000000, -0.0000000000000000000 ) ) ;
#318 = CARTESIAN_POINT ( 'NONE',  ( 0.6300000000000001200, 0.4249999999999999900, -0.09000000000000001100 ) ) ;
#319 = CIRCLE ( 'NONE', #2407, 0.04000000000000000100 ) ;
#320 = EDGE_LOOP ( 'NONE', ( #249, #866, #1587, #1305 ) ) ;
#321 = EDGE_CURVE ( 'NONE', #3399, #2728, #515, .T. ) ;
#322 = LINE ( 'NONE', #916, #1930 ) ;
#323 = VERTEX_POINT ( 'NONE', #1626 ) ;
#324 = DIRECTION ( 'NONE',  ( 0.0000000000000000000, 0.0000000000000000000, -1.000000000000000000 ) ) ;
#325 = CARTESIAN_POINT ( 'NONE',  ( -0.8050000000000000500, 0.3249999999999999600, -0.04000000000000000100 ) ) ;
#326 = FACE_OUTER_BOUND ( 'NONE', #1503, .T. ) ;
#327 = ORIENTED_EDGE ( 'NONE', *, *, #2065, .F. ) ;
#328 = CARTESIAN_POINT ( 'NONE',  ( 0.6550000000000002500, 0.1999999999999999600, 0.0000000000000000000 ) ) ;
#329 = DIRECTION ( 'NONE',  ( 0.0000000000000000000, 0.0000000000000000000, -1.000000000000000000 ) ) ;
#330 = EDGE_CURVE ( 'NONE', #3050, #844, #556, .T. ) ;
#331 = LINE ( 'NONE', #465, #290 ) ;
#332 = ORIENTED_EDGE ( 'NONE', *, *, #2008, .F. ) ;
#333 = VECTOR ( 'NONE', #1027, 39.37007874015748100 ) ;
#334 = VERTEX_POINT ( 'NONE', #1915 ) ;
#335 = DIRECTION ( 'NONE',  ( -0.0000000000000000000, -0.0000000000000000000, 1.000000000000000000 ) ) ;
#336 = EDGE_LOOP ( 'NONE', ( #650, #2746, #1134, #978 ) ) ;
#337 = CARTESIAN_POINT ( 'NONE',  ( 0.8249999999999999600, -0.2300000000000000100, -0.08999999999999999700 ) ) ;
#338 = FACE_OUTER_BOUND ( 'NONE', #3053, .T. ) ;
#339 = ORIENTED_EDGE ( 'NONE', *, *, #1718, .T. ) ;
#340 = ORIENTED_EDGE ( 'NONE', *, *, #3038, .T. ) ;
#341 = AXIS2_PLACEMENT_3D ( 'NONE', #464, #1828, #792 ) ;
#342 = FACE_OUTER_BOUND ( 'NONE', #2958, .T. ) ;
#343 = VERTEX_POINT ( 'NONE', #2853 ) ;
#344 = EDGE_CURVE ( 'NONE', #3105, #1460, #1293, .T. ) ;
#345 = CARTESIAN_POINT ( 'NONE',  ( 0.8050000000000000500, 0.3249999999999999600, -0.08999999999999999700 ) ) ;
#346 = ORIENTED_EDGE ( 'NONE', *, *, #2519, .F. ) ;
#347 = DIRECTION ( 'NONE',  ( -1.000000000000000000, 0.0000000000000000000, 0.0000000000000000000 ) ) ;
#348 = ORIENTED_EDGE ( 'NONE', *, *, #3309, .F. ) ;
#349 = ORIENTED_EDGE ( 'NONE', *, *, #1468, .T. ) ;
#350 = CIRCLE ( 'NONE', #2328, 0.02000000000000005900 ) ;
#351 = DIRECTION ( 'NONE',  ( 0.0000000000000000000, 0.0000000000000000000, 1.000000000000000000 ) ) ;
#352 = CARTESIAN_POINT ( 'NONE',  ( -0.6299999999999997800, -0.02500000000000001500, -0.08999999999999999700 ) ) ;
#353 = DIRECTION ( 'NONE',  ( -0.0000000000000000000, 1.000000000000000000, -0.0000000000000000000 ) ) ;
#354 = CARTESIAN_POINT ( 'NONE',  ( -0.8750000000000003300, -0.7749999999999999100, 0.06250000000000000000 ) ) ;
#355 = ORIENTED_EDGE ( 'NONE', *, *, #2143, .F. ) ;
#356 = PLANE ( 'NONE',  #3326 ) ;
#357 = CARTESIAN_POINT ( 'NONE',  ( 0.8699999999999998800, -0.02500000000000001500, -0.08999999999999999700 ) ) ;
#358 = CARTESIAN_POINT ( 'NONE',  ( -0.8700000000000000000, 0.3249999999999999600, -0.09000000000000001100 ) ) ;
#359 = AXIS2_PLACEMENT_3D ( 'NONE', #536, #2402, #1563 ) ;
#360 = LINE ( 'NONE', #520, #2129 ) ;
#361 = ORIENTED_EDGE ( 'NONE', *, *, #3243, .T. ) ;
#362 = DIRECTION ( 'NONE',  ( 0.0000000000000000000, 0.0000000000000000000, 1.000000000000000000 ) ) ;
#363 = CARTESIAN_POINT ( 'NONE',  ( -0.8999999999999999100, -0.7749999999999999100, 0.0000000000000000000 ) ) ;
#364 = CIRCLE ( 'NONE', #2688, 0.1250000000000000300 ) ;
#365 = ORIENTED_EDGE ( 'NONE', *, *, #3028, .T. ) ;
#366 = VECTOR ( 'NONE', #1920, 39.37007874015748100 ) ;
#367 = EDGE_CURVE ( 'NONE', #2627, #590, #2035, .T. ) ;
#368 = DIRECTION ( 'NONE',  ( 1.000000000000000000, 0.0000000000000000000, 0.0000000000000000000 ) ) ;
#369 = ORIENTED_EDGE ( 'NONE', *, *, #2081, .T. ) ;
#370 = DIRECTION ( 'NONE',  ( 0.0000000000000000000, 0.0000000000000000000, 1.000000000000000000 ) ) ;
#371 = VECTOR ( 'NONE', #3140, 39.37007874015748100 ) ;
#372 = VERTEX_POINT ( 'NONE', #2086 ) ;
#373 = FACE_OUTER_BOUND ( 'NONE', #1676, .T. ) ;
#374 = VERTEX_POINT ( 'NONE', #1312 ) ;
#375 = CIRCLE ( 'NONE', #2671, 0.02000000000000005900 ) ;
#376 = PLANE ( 'NONE',  #2033 ) ;
#377 = ORIENTED_EDGE ( 'NONE', *, *, #601, .T. ) ;
#378 = DIRECTION ( 'NONE',  ( 1.000000000000000000, 0.0000000000000000000, 0.0000000000000000000 ) ) ;
#379 = AXIS2_PLACEMENT_3D ( 'NONE', #2002, #775, #1427 ) ;
#380 = ORIENTED_EDGE ( 'NONE', *, *, #759, .F. ) ;
#381 = VECTOR ( 'NONE', #2996, 39.37007874015748100 ) ;
#382 = CARTESIAN_POINT ( 'NONE',  ( -0.8049999999999997200, -0.1250000000000000300, -0.04000000000000000100 ) ) ;
#383 = PLANE ( 'NONE',  #1876 ) ;
#384 = EDGE_CURVE ( 'NONE', #1527, #2716, #3382, .T. ) ;
#385 = CIRCLE ( 'NONE', #3212, 0.02000000000000005900 ) ;
#386 = VERTEX_POINT ( 'NONE', #801 ) ;
#387 = DIRECTION ( 'NONE',  ( 0.0000000000000000000, 0.0000000000000000000, -1.000000000000000000 ) ) ;
#388 = ORIENTED_EDGE ( 'NONE', *, *, #3087, .F. ) ;
#389 = LINE ( 'NONE', #5, #3102 ) ;
#390 = CARTESIAN_POINT ( 'NONE',  ( -0.8449999999999999700, 0.4649999999999999700, 0.06250000000000000000 ) ) ;
#391 = CARTESIAN_POINT ( 'NONE',  ( 0.8050000000000000500, 0.4049999999999999700, -0.08999999999999999700 ) ) ;
#392 = DIRECTION ( 'NONE',  ( -5.154430176725025800E-016, -1.000000000000000000, 0.0000000000000000000 ) ) ;
#393 = ORIENTED_EDGE ( 'NONE', *, *, #1115, .T. ) ;
#394 = CARTESIAN_POINT ( 'NONE',  ( 0.6300000000000000000, -0.1250000000000000300, -0.09000000000000001100 ) ) ;
#395 = ORIENTED_EDGE ( 'NONE', *, *, #2454, .T. ) ;
#396 = FACE_OUTER_BOUND ( 'NONE', #832, .T. ) ;
#397 = ORIENTED_EDGE ( 'NONE', *, *, #1379, .F. ) ;
#398 = CARTESIAN_POINT ( 'NONE',  ( 0.7849999999999999200, 0.4049999999999999700, -0.08999999999999999700 ) ) ;
#399 = DIRECTION ( 'NONE',  ( 5.154430176725025800E-016, 1.000000000000000000, 0.0000000000000000000 ) ) ;
#400 = CARTESIAN_POINT ( 'NONE',  ( -0.8049999999999997200, -0.1250000000000000300, -0.09000000000000001100 ) ) ;
#401 = LINE ( 'NONE', #2417, #2397 ) ;
#402 = AXIS2_PLACEMENT_3D ( 'NONE', #1598, #1215, #420 ) ;
#403 = ORIENTED_EDGE ( 'NONE', *, *, #3378, .T. ) ;
#404 = EDGE_CURVE ( 'NONE', #3321, #1595, #2539, .T. ) ;
#405 = VECTOR ( 'NONE', #1619, 39.37007874015748100 ) ;
#406 = ORIENTED_EDGE ( 'NONE', *, *, #2143, .T. ) ;
#407 = DIRECTION ( 'NONE',  ( -0.0000000000000000000, -0.0000000000000000000, 1.000000000000000000 ) ) ;
#408 =( GEOMETRIC_REPRESENTATION_CONTEXT ( 3 ) GLOBAL_UNCERTAINTY_ASSIGNED_CONTEXT ( ( #2493 ) ) GLOBAL_UNIT_ASSIGNED_CONTEXT ( ( #507, #3366, #291 ) ) REPRESENTATION_CONTEXT ( 'NONE', 'WORKASPACE' ) );
#409 = EDGE_LOOP ( 'NONE', ( #365, #980, #1404, #506 ) ) ;
#410 = DIRECTION ( 'NONE',  ( -1.000000000000000000, 0.0000000000000000000, 0.0000000000000000000 ) ) ;
#411 = DIRECTION ( 'NONE',  ( 0.0000000000000000000, -0.0000000000000000000, -1.000000000000000000 ) ) ;
#412 = CARTESIAN_POINT ( 'NONE',  ( 0.7750000000000000200, 0.8999999999999999100, 0.03750000000000013000 ) ) ;
#413 = ORIENTED_EDGE ( 'NONE', *, *, #3033, .T. ) ;
#414 = CARTESIAN_POINT ( 'NONE',  ( 0.0000000000000000000, -0.8750000000000003300, 0.06250000000000000000 ) ) ;
#415 = FACE_OUTER_BOUND ( 'NONE', #2589, .T. ) ;
#416 = ORIENTED_EDGE ( 'NONE', *, *, #941, .F. ) ;
#417 = DIRECTION ( 'NONE',  ( 0.0000000000000000000, 0.0000000000000000000, 1.000000000000000000 ) ) ;
#418 = CIRCLE ( 'NONE', #341, 0.02000000000000005900 ) ;
#419 = ORIENTED_EDGE ( 'NONE', *, *, #630, .T. ) ;
#420 = DIRECTION ( 'NONE',  ( -1.000000000000000000, 0.0000000000000000000, 0.0000000000000000000 ) ) ;
#421 = DIRECTION ( 'NONE',  ( 0.0000000000000000000, 0.0000000000000000000, -1.000000000000000000 ) ) ;
#422 = DIRECTION ( 'NONE',  ( -0.0000000000000000000, -0.0000000000000000000, 1.000000000000000000 ) ) ;
#423 = AXIS2_PLACEMENT_3D ( 'NONE', #1322, #508, #142 ) ;
#424 = CARTESIAN_POINT ( 'NONE',  ( -0.6749999999999997100, -0.2300000000000000100, 0.0000000000000000000 ) ) ;
#425 = EDGE_LOOP ( 'NONE', ( #705, #1421, #3125, #3245 ) ) ;
#426 = DIRECTION ( 'NONE',  ( -0.0000000000000000000, 0.0000000000000000000, 1.000000000000000000 ) ) ;
#427 = DIRECTION ( 'NONE',  ( -1.000000000000000000, -1.707404996040159400E-015, 0.0000000000000000000 ) ) ;
#428 = ADVANCED_FACE ( 'NONE', ( #2745 ), #1006, .T. ) ;
#429 = VERTEX_POINT ( 'NONE', #670 ) ;
#430 = ORIENTED_EDGE ( 'NONE', *, *, #1435, .T. ) ;
#431 = ADVANCED_FACE ( 'NONE', ( #1829 ), #3343, .T. ) ;
#432 = FACE_OUTER_BOUND ( 'NONE', #1644, .T. ) ;
#433 = CARTESIAN_POINT ( 'NONE',  ( 0.6550000000000001400, 0.4649999999999999700, 0.06250000000000000000 ) ) ;
#434 = DIRECTION ( 'NONE',  ( -1.000000000000000000, 0.0000000000000000000, 0.0000000000000000000 ) ) ;
#435 = DIRECTION ( 'NONE',  ( -0.0000000000000000000, 1.000000000000000000, -0.0000000000000000000 ) ) ;
#436 = DIRECTION ( 'NONE',  ( -1.000000000000000000, 0.0000000000000000000, -0.0000000000000000000 ) ) ;
#437 = VERTEX_POINT ( 'NONE', #3335 ) ;
#438 = DIRECTION ( 'NONE',  ( 1.000000000000000000, 0.0000000000000000000, -0.0000000000000000000 ) ) ;
#439 = EDGE_CURVE ( 'NONE', #3301, #2540, #780, .T. ) ;
#440 = DIRECTION ( 'NONE',  ( 1.000000000000000000, 0.0000000000000000000, -0.0000000000000000000 ) ) ;
#441 = VECTOR ( 'NONE', #511, 39.37007874015748100 ) ;
#442 = AXIS2_PLACEMENT_3D ( 'NONE', #2582, #2095, #2078 ) ;
#443 = VECTOR ( 'NONE', #2258, 39.37007874015748100 ) ;
#444 = VERTEX_POINT ( 'NONE', #1818 ) ;
#445 = CARTESIAN_POINT ( 'NONE',  ( -0.8250000000000000700, 0.2199999999999999500, 0.0000000000000000000 ) ) ;
#446 = VECTOR ( 'NONE', #1222, 39.37007874015748100 ) ;
#447 = AXIS2_PLACEMENT_3D ( 'NONE', #1223, #2400, #1161 ) ;
#448 = ORIENTED_EDGE ( 'NONE', *, *, #2306, .T. ) ;
#449 = EDGE_CURVE ( 'NONE', #2588, #1654, #989, .T. ) ;
#450 = VECTOR ( 'NONE', #2744, 39.37007874015748100 ) ;
#451 = ORIENTED_EDGE ( 'NONE', *, *, #3405, .T. ) ;
#452 = DIRECTION ( 'NONE',  ( 0.0000000000000000000, 0.0000000000000000000, -1.000000000000000000 ) ) ;
#453 = DIRECTION ( 'NONE',  ( -1.000000000000000000, 0.0000000000000000000, 0.0000000000000000000 ) ) ;
#454 = CARTESIAN_POINT ( 'NONE',  ( 0.6750000000000002700, 0.2199999999999999700, 0.0000000000000000000 ) ) ;
#455 = DIRECTION ( 'NONE',  ( 0.0000000000000000000, -0.7071067811865435800, -0.7071067811865513500 ) ) ;
#456 = CARTESIAN_POINT ( 'NONE',  ( 0.8050000000000000500, 0.3249999999999999600, -0.08999999999999999700 ) ) ;
#457 = DIRECTION ( 'NONE',  ( 0.0000000000000000000, 0.0000000000000000000, -1.000000000000000000 ) ) ;
#458 = EDGE_LOOP ( 'NONE', ( #1430, #2243, #207, #1926 ) ) ;
#459 = ORIENTED_EDGE ( 'NONE', *, *, #1115, .F. ) ;
#460 = ORIENTED_EDGE ( 'NONE', *, *, #918, .T. ) ;
#461 = LINE ( 'NONE', #2892, #2981 ) ;
#462 = EDGE_CURVE ( 'NONE', #1651, #1005, #1034, .T. ) ;
#463 = LINE ( 'NONE', #1288, #1715 ) ;
#464 = CARTESIAN_POINT ( 'NONE',  ( 0.8249999999999998400, 0.2199999999999999700, 0.0000000000000000000 ) ) ;
#465 = CARTESIAN_POINT ( 'NONE',  ( 0.8050000000000000500, 0.3249999999999999600, 0.06250000000000000000 ) ) ;
#466 = CLOSED_SHELL ( 'NONE', ( #1931, #1026, #1924, #219, #1862, #932, #428, #1145, #2, #2055, #944, #692, #2605, #2661, #2872, #2237, #664, #3151, #1162, #3171, #2151, #1820, #2912, #2437, #2545, #1212, #2118, #2926, #204, #3119, #1737, #668, #2841, #2433, #2073, #2021, #2705, #51, #1236, #1747, #1741, #2819, #1745, #503, #2366, #2425, #2557, #1084, #431, #1103, #1725, #885, #848, #2952, #972, #2430, #1765, #2304, #2691, #1830, #839, #2647, #217, #1597, #660, #1798, #3154, #2260, #2031, #2251, #3251, #221, #2578, #2886, #307, #627, #2743, #1783, #2106, #2213, #2220, #2473, #2905, #288, #2575, #1805, #1847, #2451, #3332, #3013, #2326, #543, #1078, #1815, #1647, #92, #3118, #591, #1405, #1128, #112, #3250 ) ) ;
#467 = DIRECTION ( 'NONE',  ( 0.0000000000000000000, 0.0000000000000000000, -1.000000000000000000 ) ) ;
#468 = AXIS2_PLACEMENT_3D ( 'NONE', #3177, #700, #1176 ) ;
#469 =( NAMED_UNIT ( * ) SI_UNIT ( $, .STERADIAN. ) SOLID_ANGLE_UNIT ( ) );
#470 = CARTESIAN_POINT ( 'NONE',  ( 0.6300000000000001200, 0.3249999999999999600, -0.09000000000000001100 ) ) ;
#471 = VECTOR ( 'NONE', #2303, 39.37007874015748100 ) ;
#472 = CARTESIAN_POINT ( 'NONE',  ( -0.8449999999999997500, -0.005000000000000033900, 0.06250000000000000000 ) ) ;
#473 = VERTEX_POINT ( 'NONE', #657 ) ;
#474 = EDGE_CURVE ( 'NONE', #444, #1085, #3261, .T. ) ;
#475 = PLANE ( 'NONE',  #158 ) ;
#476 = VECTOR ( 'NONE', #1138, 39.37007874015748100 ) ;
#477 = CARTESIAN_POINT ( 'NONE',  ( 0.6950000000000000600, 0.3249999999999999600, -0.09000000000000001100 ) ) ;
#478 = ORIENTED_EDGE ( 'NONE', *, *, #3, .T. ) ;
#479 = DIRECTION ( 'NONE',  ( 1.000000000000000000, 0.0000000000000000000, 0.0000000000000000000 ) ) ;
#480 = VECTOR ( 'NONE', #329, 39.37007874015748100 ) ;
#481 = ORIENTED_EDGE ( 'NONE', *, *, #1584, .F. ) ;
#482 = EDGE_CURVE ( 'NONE', #2107, #343, #681, .T. ) ;
#483 = LINE ( 'NONE', #46, #2669 ) ;
#484 = ORIENTED_EDGE ( 'NONE', *, *, #2681, .T. ) ;
#485 = AXIS2_PLACEMENT_3D ( 'NONE', #2026, #492, #1822 ) ;
#486 = CARTESIAN_POINT ( 'NONE',  ( -0.8699999999999997700, -0.1250000000000000300, -0.09000000000000001100 ) ) ;
#487 = CYLINDRICAL_SURFACE ( 'NONE', #1280, 0.02000000000000005900 ) ;
#488 = EDGE_LOOP ( 'NONE', ( #481, #2128, #1880, #2632 ) ) ;
#489 = DIRECTION ( 'NONE',  ( -1.000000000000000000, 0.0000000000000000000, 0.0000000000000000000 ) ) ;
#490 = DIRECTION ( 'NONE',  ( -0.0000000000000000000, -0.0000000000000000000, 1.000000000000000000 ) ) ;
#491 = VECTOR ( 'NONE', #2482, 39.37007874015748100 ) ;
#492 = DIRECTION ( 'NONE',  ( 1.000000000000000000, 0.0000000000000000000, 0.0000000000000000000 ) ) ;
#493 = ORIENTED_EDGE ( 'NONE', *, *, #3398, .F. ) ;
#494 = LINE ( 'NONE', #2037, #999 ) ;
#495 = ORIENTED_EDGE ( 'NONE', *, *, #1810, .F. ) ;
#496 = CARTESIAN_POINT ( 'NONE',  ( 0.8449999999999998600, 0.1999999999999999800, 0.06250000000000000000 ) ) ;
#497 = ORIENTED_EDGE ( 'NONE', *, *, #1903, .F. ) ;
#498 = EDGE_CURVE ( 'NONE', #334, #1187, #2908, .T. ) ;
#499 = EDGE_CURVE ( 'NONE', #609, #130, #3254, .T. ) ;
#500 = ORIENTED_EDGE ( 'NONE', *, *, #3039, .T. ) ;
#501 = DIRECTION ( 'NONE',  ( 0.0000000000000000000, -1.000000000000000000, 0.0000000000000000000 ) ) ;
#502 = ORIENTED_EDGE ( 'NONE', *, *, #630, .F. ) ;
#503 = ADVANCED_FACE ( 'NONE', ( #666 ), #2989, .F. ) ;
#504 = CARTESIAN_POINT ( 'NONE',  ( 0.6550000000000000300, 0.01499999999999997700, 0.0000000000000000000 ) ) ;
#505 = AXIS2_PLACEMENT_3D ( 'NONE', #1958, #1588, #72 ) ;
#506 = ORIENTED_EDGE ( 'NONE', *, *, #2635, .T. ) ;
#507 =( CONVERSION_BASED_UNIT ( 'INCH', #2279 ) LENGTH_UNIT ( ) NAMED_UNIT ( #3203 ) );
#508 = DIRECTION ( 'NONE',  ( -0.0000000000000000000, -0.0000000000000000000, 1.000000000000000000 ) ) ;
#509 = LINE ( 'NONE', #1321, #3249 ) ;
#510 = ORIENTED_EDGE ( 'NONE', *, *, #1883, .T. ) ;
#511 = DIRECTION ( 'NONE',  ( -1.000000000000000000, 0.0000000000000000000, 0.0000000000000000000 ) ) ;
#512 = ORIENTED_EDGE ( 'NONE', *, *, #2710, .F. ) ;
#513 = CARTESIAN_POINT ( 'NONE',  ( -0.6750000000000002700, 0.2199999999999999700, 0.0000000000000000000 ) ) ;
#514 = DIRECTION ( 'NONE',  ( -0.0000000000000000000, -0.0000000000000000000, 1.000000000000000000 ) ) ;
#515 = LINE ( 'NONE', #2791, #2817 ) ;
#516 = ORIENTED_EDGE ( 'NONE', *, *, #1141, .F. ) ;
#517 = MANIFOLD_SOLID_BREP ( 'Chamfer2', #466 ) ;
#518 = FACE_OUTER_BOUND ( 'NONE', #1063, .T. ) ;
#519 = ORIENTED_EDGE ( 'NONE', *, *, #2653, .T. ) ;
#520 = CARTESIAN_POINT ( 'NONE',  ( -0.6299999999999997800, -0.1250000000000000300, -0.08999999999999999700 ) ) ;
#521 = CARTESIAN_POINT ( 'NONE',  ( -0.6949999999999998400, -0.02500000000000000500, 0.06250000000000000000 ) ) ;
#522 = EDGE_CURVE ( 'NONE', #386, #822, #1371, .T. ) ;
#523 = CIRCLE ( 'NONE', #56, 0.1000000000000004400 ) ;
#524 = AXIS2_PLACEMENT_3D ( 'NONE', #2555, #387, #2371 ) ;
#525 = ORIENTED_EDGE ( 'NONE', *, *, #2385, .F. ) ;
#526 = DIRECTION ( 'NONE',  ( -0.0000000000000000000, -0.0000000000000000000, -1.000000000000000000 ) ) ;
#527 = ORIENTED_EDGE ( 'NONE', *, *, #2641, .F. ) ;
#528 = AXIS2_PLACEMENT_3D ( 'NONE', #2538, #719, #1437 ) ;
#529 = VERTEX_POINT ( 'NONE', #182 ) ;
#530 = DIRECTION ( 'NONE',  ( 1.000000000000000000, 0.0000000000000000000, -0.0000000000000000000 ) ) ;
#531 = CARTESIAN_POINT ( 'NONE',  ( 0.7750000000000000200, 0.7749999999999999100, 0.06250000000000000000 ) ) ;
#532 = CARTESIAN_POINT ( 'NONE',  ( -0.6750000000000001600, 0.4649999999999999700, 0.06250000000000000000 ) ) ;
#533 = LINE ( 'NONE', #2969, #1008 ) ;
#534 = ORIENTED_EDGE ( 'NONE', *, *, #1956, .T. ) ;
#535 = CYLINDRICAL_SURFACE ( 'NONE', #762, 0.02000000000000005900 ) ;
#536 = CARTESIAN_POINT ( 'NONE',  ( -0.6750000000000002700, 0.2199999999999999700, 0.06250000000000000000 ) ) ;
#537 = DIRECTION ( 'NONE',  ( 0.0000000000000000000, 0.0000000000000000000, -1.000000000000000000 ) ) ;
#538 = VECTOR ( 'NONE', #113, 39.37007874015748100 ) ;
#539 = EDGE_LOOP ( 'NONE', ( #2843, #1016, #1648, #851 ) ) ;
#540 = VECTOR ( 'NONE', #1325, 39.37007874015748100 ) ;
#541 = LINE ( 'NONE', #894, #1191 ) ;
#542 = ORIENTED_EDGE ( 'NONE', *, *, #1453, .T. ) ;
#543 = ADVANCED_FACE ( 'NONE', ( #1144 ), #1059, .F. ) ;
#544 = EDGE_CURVE ( 'NONE', #2444, #3109, #1825, .T. ) ;
#545 = ORIENTED_EDGE ( 'NONE', *, *, #918, .F. ) ;
#546 = AXIS2_PLACEMENT_3D ( 'NONE', #907, #1699, #1189 ) ;
#547 = EDGE_CURVE ( 'NONE', #255, #822, #3213, .T. ) ;
#548 = VERTEX_POINT ( 'NONE', #1549 ) ;
#549 = CARTESIAN_POINT ( 'NONE',  ( 0.8049999999999998300, -0.1650000000000000100, -0.04000000000000000100 ) ) ;
#550 = PLANE ( 'NONE',  #272 ) ;
#551 = LINE ( 'NONE', #2704, #3002 ) ;
#552 = DIRECTION ( 'NONE',  ( 0.0000000000000000000, 0.0000000000000000000, -1.000000000000000000 ) ) ;
#553 = ORIENTED_EDGE ( 'NONE', *, *, #1408, .F. ) ;
#554 = CARTESIAN_POINT ( 'NONE',  ( 0.6300000000000001200, 0.3249999999999999600, -0.09000000000000001100 ) ) ;
#555 = CARTESIAN_POINT ( 'NONE',  ( 0.8049999999999998300, -0.2300000000000000100, 0.0000000000000000000 ) ) ;
#556 = LINE ( 'NONE', #1585, #471 ) ;
#557 = ORIENTED_EDGE ( 'NONE', *, *, #2468, .T. ) ;
#558 = ORIENTED_EDGE ( 'NONE', *, *, #2130, .F. ) ;
#559 = PLANE ( 'NONE',  #442 ) ;
#560 = EDGE_LOOP ( 'NONE', ( #1434, #2075, #67, #3221, #1274, #3231, #269, #814 ) ) ;
#561 = CARTESIAN_POINT ( 'NONE',  ( 0.8249999999999999600, 0.4449999999999999500, 0.06250000000000000000 ) ) ;
#562 = CARTESIAN_POINT ( 'NONE',  ( -0.8050000000000000500, 0.3249999999999999600, -0.04000000000000000100 ) ) ;
#563 = VECTOR ( 'NONE', #951, 39.37007874015748100 ) ;
#564 = ORIENTED_EDGE ( 'NONE', *, *, #2039, .F. ) ;
#565 = CARTESIAN_POINT ( 'NONE',  ( -0.8249999999999998400, 0.1999999999999999800, 0.0000000000000000000 ) ) ;
#566 = LINE ( 'NONE', #2834, #208 ) ;
#567 = ORIENTED_EDGE ( 'NONE', *, *, #820, .T. ) ;
#568 = VECTOR ( 'NONE', #1781, 39.37007874015748100 ) ;
#569 = ORIENTED_EDGE ( 'NONE', *, *, #2948, .F. ) ;
#570 = AXIS2_PLACEMENT_3D ( 'NONE', #2431, #501, #2591 ) ;
#571 = ORIENTED_EDGE ( 'NONE', *, *, #2344, .T. ) ;
#572 = CARTESIAN_POINT ( 'NONE',  ( 0.6949999999999999500, -0.2300000000000000400, 0.0000000000000000000 ) ) ;
#573 = ORIENTED_EDGE ( 'NONE', *, *, #766, .T. ) ;
#574 = FACE_OUTER_BOUND ( 'NONE', #2309, .T. ) ;
#575 = ORIENTED_EDGE ( 'NONE', *, *, #2808, .T. ) ;
#576 = CARTESIAN_POINT ( 'NONE',  ( -0.8449999999999997500, -0.005000000000000049500, 0.0000000000000000000 ) ) ;
#577 = ORIENTED_EDGE ( 'NONE', *, *, #2333, .F. ) ;
#578 = DIMENSIONAL_EXPONENTS ( 1.000000000000000000, 0.0000000000000000000, 0.0000000000000000000, 0.0000000000000000000, 0.0000000000000000000, 0.0000000000000000000, 0.0000000000000000000 ) ;
#579 = PLANE ( 'NONE',  #789 ) ;
#580 = DIRECTION ( 'NONE',  ( -0.0000000000000000000, 0.0000000000000000000, -1.000000000000000000 ) ) ;
#581 = EDGE_LOOP ( 'NONE', ( #1975, #1021, #6, #2224 ) ) ;
#582 = LINE ( 'NONE', #2736, #366 ) ;
#583 = CARTESIAN_POINT ( 'NONE',  ( 0.6749999999999999300, -0.2300000000000000400, 0.06250000000000000000 ) ) ;
#584 = CARTESIAN_POINT ( 'NONE',  ( 0.7150000000000001900, 0.4249999999999999900, 0.06250000000000000000 ) ) ;
#585 = ORIENTED_EDGE ( 'NONE', *, *, #2986, .F. ) ;
#586 = EDGE_CURVE ( 'NONE', #22, #1416, #2766, .T. ) ;
#587 = CARTESIAN_POINT ( 'NONE',  ( -0.6750000000000001600, 0.4649999999999999700, 0.0000000000000000000 ) ) ;
#588 = DIRECTION ( 'NONE',  ( 1.000000000000000000, -0.0000000000000000000, -0.0000000000000000000 ) ) ;
#589 = FACE_OUTER_BOUND ( 'NONE', #1057, .T. ) ;
#590 = VERTEX_POINT ( 'NONE', #1550 ) ;
#591 = ADVANCED_FACE ( 'NONE', ( #326 ), #550, .F. ) ;
#592 = EDGE_CURVE ( 'NONE', #1595, #86, #1675, .T. ) ;
#593 = CARTESIAN_POINT ( 'NONE',  ( 0.8049999999999998300, -0.04500000000000001200, -0.08999999999999999700 ) ) ;
#594 = EDGE_CURVE ( 'NONE', #1384, #374, #2881, .T. ) ;
#595 = EDGE_LOOP ( 'NONE', ( #287, #3145, #293, #3159 ) ) ;
#596 = DIRECTION ( 'NONE',  ( 0.0000000000000000000, 1.000000000000000000, 0.0000000000000000000 ) ) ;
#597 = CARTESIAN_POINT ( 'NONE',  ( 0.8750000000000005600, 0.7750000000000000200, 0.06250000000000000000 ) ) ;
#598 = LINE ( 'NONE', #1442, #3341 ) ;
#599 = ORIENTED_EDGE ( 'NONE', *, *, #2674, .T. ) ;
#600 = EDGE_CURVE ( 'NONE', #1565, #3371, #3238, .T. ) ;
#601 = EDGE_CURVE ( 'NONE', #1156, #1199, #152, .T. ) ;
#602 = EDGE_CURVE ( 'NONE', #1394, #1914, #3375, .T. ) ;
#603 = VECTOR ( 'NONE', #1279, 39.37007874015748100 ) ;
#604 = ORIENTED_EDGE ( 'NONE', *, *, #2537, .F. ) ;
#605 = VECTOR ( 'NONE', #146, 39.37007874015748100 ) ;
#606 = EDGE_LOOP ( 'NONE', ( #3144, #3224, #228, #98 ) ) ;
#607 = CARTESIAN_POINT ( 'NONE',  ( -0.6950000000000000600, 0.4249999999999999900, 0.06250000000000000000 ) ) ;
#608 = AXIS2_PLACEMENT_3D ( 'NONE', #2795, #886, #1410 ) ;
#609 = VERTEX_POINT ( 'NONE', #1865 ) ;
#610 = EDGE_CURVE ( 'NONE', #1291, #2548, #2168, .T. ) ;
#611 = AXIS2_PLACEMENT_3D ( 'NONE', #2477, #1804, #615 ) ;
#612 = VECTOR ( 'NONE', #3082, 39.37007874015748100 ) ;
#613 = VERTEX_POINT ( 'NONE', #357 ) ;
#614 = AXIS2_PLACEMENT_3D ( 'NONE', #887, #223, #197 ) ;
#615 = DIRECTION ( 'NONE',  ( -1.000000000000000000, 0.0000000000000000000, 0.0000000000000000000 ) ) ;
#616 = EDGE_LOOP ( 'NONE', ( #2621, #512, #2699, #176 ) ) ;
#617 = FACE_OUTER_BOUND ( 'NONE', #3139, .T. ) ;
#618 = CARTESIAN_POINT ( 'NONE',  ( -0.8249999999999996200, 0.01499999999999997700, 0.06250000000000000000 ) ) ;
#619 = DIRECTION ( 'NONE',  ( 0.0000000000000000000, 0.0000000000000000000, -1.000000000000000000 ) ) ;
#620 = LINE ( 'NONE', #3003, #1359 ) ;
#621 = CARTESIAN_POINT ( 'NONE',  ( -0.7150000000000001900, 0.4049999999999999700, -0.08999999999999999700 ) ) ;
#622 = ORIENTED_EDGE ( 'NONE', *, *, #842, .T. ) ;
#623 = DIRECTION ( 'NONE',  ( -1.000000000000000000, -0.0000000000000000000, -0.0000000000000000000 ) ) ;
#624 = ORIENTED_EDGE ( 'NONE', *, *, #174, .F. ) ;
#625 = DIRECTION ( 'NONE',  ( -5.154430176725025800E-016, -1.000000000000000000, 0.0000000000000000000 ) ) ;
#626 = ORIENTED_EDGE ( 'NONE', *, *, #3063, .F. ) ;
#627 = ADVANCED_FACE ( 'NONE', ( #518 ), #1451, .F. ) ;
#628 = CYLINDRICAL_SURFACE ( 'NONE', #2391, 0.02000000000000005900 ) ;
#629 = CARTESIAN_POINT ( 'NONE',  ( 0.6300000000000000000, -0.1250000000000000300, -0.09000000000000001100 ) ) ;
#630 = EDGE_CURVE ( 'NONE', #3371, #613, #2693, .T. ) ;
#631 = DIRECTION ( 'NONE',  ( 0.0000000000000000000, 0.0000000000000000000, -1.000000000000000000 ) ) ;
#632 = ORIENTED_EDGE ( 'NONE', *, *, #3291, .T. ) ;
#633 = CARTESIAN_POINT ( 'NONE',  ( -0.8249999999999995100, -0.2500000000000000000, 0.0000000000000000000 ) ) ;
#634 = CYLINDRICAL_SURFACE ( 'NONE', #468, 0.02000000000000005900 ) ;
#635 = ORIENTED_EDGE ( 'NONE', *, *, #2986, .T. ) ;
#636 = CARTESIAN_POINT ( 'NONE',  ( -0.6950000000000000600, 0.2199999999999999700, 0.0000000000000000000 ) ) ;
#637 = DIRECTION ( 'NONE',  ( 5.154430176725025800E-016, 1.000000000000000000, 0.0000000000000000000 ) ) ;
#638 = AXIS2_PLACEMENT_3D ( 'NONE', #794, #1354, #767 ) ;
#639 = DIRECTION ( 'NONE',  ( 0.0000000000000000000, 0.0000000000000000000, -1.000000000000000000 ) ) ;
#640 = EDGE_LOOP ( 'NONE', ( #653, #1355, #2481, #3074, #958, #1999, #2501 ) ) ;
#641 = DIRECTION ( 'NONE',  ( 0.0000000000000000000, 1.000000000000000000, 0.0000000000000000000 ) ) ;
#642 = DIRECTION ( 'NONE',  ( 0.0000000000000000000, -1.000000000000000000, 0.0000000000000000000 ) ) ;
#643 = DIRECTION ( 'NONE',  ( -1.000000000000000000, 0.0000000000000000000, 0.0000000000000000000 ) ) ;
#644 = FACE_OUTER_BOUND ( 'NONE', #488, .T. ) ;
#645 = ORIENTED_EDGE ( 'NONE', *, *, #482, .F. ) ;
#646 = DIRECTION ( 'NONE',  ( -0.0000000000000000000, 0.0000000000000000000, -1.000000000000000000 ) ) ;
#647 = VECTOR ( 'NONE', #1842, 39.37007874015748100 ) ;
#648 = VERTEX_POINT ( 'NONE', #618 ) ;
#649 = DIRECTION ( 'NONE',  ( -1.000000000000000000, 0.0000000000000000000, 0.0000000000000000000 ) ) ;
#650 = ORIENTED_EDGE ( 'NONE', *, *, #2732, .F. ) ;
#651 = DIRECTION ( 'NONE',  ( -0.0000000000000000000, 0.0000000000000000000, 1.000000000000000000 ) ) ;
#652 = VECTOR ( 'NONE', #280, 39.37007874015748100 ) ;
#653 = ORIENTED_EDGE ( 'NONE', *, *, #1343, .T. ) ;
#654 = ORIENTED_EDGE ( 'NONE', *, *, #185, .F. ) ;
#655 = AXIS2_PLACEMENT_3D ( 'NONE', #110, #1263, #2047 ) ;
#656 = DIRECTION ( 'NONE',  ( -0.0000000000000000000, -0.0000000000000000000, 1.000000000000000000 ) ) ;
#657 = CARTESIAN_POINT ( 'NONE',  ( -0.8249999999999996200, 0.01499999999999997700, 0.0000000000000000000 ) ) ;
#658 = AXIS2_PLACEMENT_3D ( 'NONE', #2486, #35, #426 ) ;
#659 = VECTOR ( 'NONE', #252, 39.37007874015748100 ) ;
#660 = ADVANCED_FACE ( 'NONE', ( #2293 ), #2616, .F. ) ;
#661 = ORIENTED_EDGE ( 'NONE', *, *, #2888, .T. ) ;
#662 = VECTOR ( 'NONE', #2295, 39.37007874015748100 ) ;
#663 = EDGE_LOOP ( 'NONE', ( #573, #1486, #1391, #2353, #253, #1241, #124 ) ) ;
#664 = ADVANCED_FACE ( 'NONE', ( #432 ), #1260, .F. ) ;
#665 = CARTESIAN_POINT ( 'NONE',  ( -1.500000000000000200, 0.3249999999999999600, 0.0000000000000000000 ) ) ;
#666 = FACE_OUTER_BOUND ( 'NONE', #1298, .T. ) ;
#667 = ORIENTED_EDGE ( 'NONE', *, *, #1810, .T. ) ;
#668 = ADVANCED_FACE ( 'NONE', ( #2807 ), #1672, .F. ) ;
#669 = VECTOR ( 'NONE', #2137, 39.37007874015748900 ) ;
#670 = CARTESIAN_POINT ( 'NONE',  ( 0.6750000000000002700, 0.1999999999999999800, 0.06250000000000000000 ) ) ;
#671 = VERTEX_POINT ( 'NONE', #1352 ) ;
#672 = EDGE_CURVE ( 'NONE', #2567, #2515, #3222, .T. ) ;
#673 = DIRECTION ( 'NONE',  ( -1.000000000000000000, 0.0000000000000000000, 0.0000000000000000000 ) ) ;
#674 = CARTESIAN_POINT ( 'NONE',  ( -0.6550000000000000300, -0.2500000000000000000, 0.06250000000000000000 ) ) ;
#675 = EDGE_LOOP ( 'NONE', ( #1490, #2955, #2821, #2278 ) ) ;
#676 = CARTESIAN_POINT ( 'NONE',  ( -0.8999999999999999100, -0.7749999999999999100, 0.06250000000000000000 ) ) ;
#677 = EDGE_LOOP ( 'NONE', ( #2077, #380, #1921, #3056 ) ) ;
#678 = EDGE_CURVE ( 'NONE', #2502, #1730, #1760, .T. ) ;
#679 = AXIS2_PLACEMENT_3D ( 'NONE', #445, #2851, #175 ) ;
#680 = DIRECTION ( 'NONE',  ( 5.154430176725024800E-016, -1.000000000000000000, -0.0000000000000000000 ) ) ;
#681 = CIRCLE ( 'NONE', #2625, 0.1250000000000000300 ) ;
#682 = VERTEX_POINT ( 'NONE', #1040 ) ;
#683 = AXIS2_PLACEMENT_3D ( 'NONE', #800, #106, #2974 ) ;
#684 = FACE_OUTER_BOUND ( 'NONE', #1217, .T. ) ;
#685 = VECTOR ( 'NONE', #698, 39.37007874015748100 ) ;
#686 = CARTESIAN_POINT ( 'NONE',  ( 0.8050000000000000500, 0.4049999999999999700, 0.06250000000000000000 ) ) ;
#687 = CARTESIAN_POINT ( 'NONE',  ( 0.6550000000000001400, -0.2300000000000000100, 0.0000000000000000000 ) ) ;
#688 = ORIENTED_EDGE ( 'NONE', *, *, #3349, .T. ) ;
#689 = DIRECTION ( 'NONE',  ( -1.000000000000000000, 0.0000000000000000000, 0.0000000000000000000 ) ) ;
#690 = CARTESIAN_POINT ( 'NONE',  ( -0.8699999999999997700, -0.1250000000000000300, -0.09000000000000001100 ) ) ;
#691 = FACE_OUTER_BOUND ( 'NONE', #205, .T. ) ;
#692 = ADVANCED_FACE ( 'NONE', ( #52 ), #579, .F. ) ;
#693 = VECTOR ( 'NONE', #768, 39.37007874015748100 ) ;
#694 = CARTESIAN_POINT ( 'NONE',  ( -0.6950000000000000600, 0.3249999999999999600, -0.08999999999999999700 ) ) ;
#695 = ORIENTED_EDGE ( 'NONE', *, *, #1497, .T. ) ;
#696 = VECTOR ( 'NONE', #1668, 39.37007874015748100 ) ;
#697 = ORIENTED_EDGE ( 'NONE', *, *, #263, .F. ) ;
#698 = DIRECTION ( 'NONE',  ( 5.154430176725025800E-016, 1.000000000000000000, 0.0000000000000000000 ) ) ;
#699 = LINE ( 'NONE', #959, #181 ) ;
#700 = DIRECTION ( 'NONE',  ( 0.0000000000000000000, 0.0000000000000000000, 1.000000000000000000 ) ) ;
#701 = CARTESIAN_POINT ( 'NONE',  ( 0.6750000000000000400, 0.1999999999999999600, 0.06250000000000000000 ) ) ;
#702 = AXIS2_PLACEMENT_3D ( 'NONE', #3342, #1111, #2581 ) ;
#703 = LINE ( 'NONE', #2485, #2824 ) ;
#704 = PLANE ( 'NONE',  #1131 ) ;
#705 = ORIENTED_EDGE ( 'NONE', *, *, #2687, .F. ) ;
#706 = CARTESIAN_POINT ( 'NONE',  ( 0.8050000000000000500, 0.3249999999999999600, -0.08999999999999999700 ) ) ;
#707 = CARTESIAN_POINT ( 'NONE',  ( 0.8700000000000000000, 0.3249999999999999600, -0.08999999999999999700 ) ) ;
#708 = AXIS2_PLACEMENT_3D ( 'NONE', #749, #3401, #3320 ) ;
#709 = VERTEX_POINT ( 'NONE', #39 ) ;
#710 = LINE ( 'NONE', #2376, #1753 ) ;
#711 = CARTESIAN_POINT ( 'NONE',  ( -0.8449999999999998600, 0.1999999999999999600, 0.0000000000000000000 ) ) ;
#712 = CARTESIAN_POINT ( 'NONE',  ( -0.7749999999999999100, 0.8750000000000003300, 0.06250000000000000000 ) ) ;
#713 = DIRECTION ( 'NONE',  ( 0.0000000000000000000, 0.0000000000000000000, -1.000000000000000000 ) ) ;
#714 = FACE_OUTER_BOUND ( 'NONE', #2450, .T. ) ;
#715 = ORIENTED_EDGE ( 'NONE', *, *, #725, .F. ) ;
#716 = CARTESIAN_POINT ( 'NONE',  ( 0.8049999999999998300, -0.2300000000000000100, 0.06250000000000000000 ) ) ;
#717 = DIRECTION ( 'NONE',  ( 0.0000000000000000000, 0.0000000000000000000, -1.000000000000000000 ) ) ;
#718 = FACE_OUTER_BOUND ( 'NONE', #3180, .T. ) ;
#719 = DIRECTION ( 'NONE',  ( -0.0000000000000000000, -0.0000000000000000000, 1.000000000000000000 ) ) ;
#720 = PRODUCT_CONTEXT ( 'NONE', #2984, 'mechanical' ) ;
#721 = EDGE_CURVE ( 'NONE', #3017, #3280, #1582, .T. ) ;
#722 = DIRECTION ( 'NONE',  ( 1.000000000000000000, 0.0000000000000000000, 7.114187483500688500E-017 ) ) ;
#723 = FACE_OUTER_BOUND ( 'NONE', #3337, .T. ) ;
#724 = EDGE_CURVE ( 'NONE', #974, #3302, #3201, .T. ) ;
#725 = EDGE_CURVE ( 'NONE', #1085, #1187, #740, .T. ) ;
#726 = VERTEX_POINT ( 'NONE', #850 ) ;
#727 = AXIS2_PLACEMENT_3D ( 'NONE', #424, #212, #2670 ) ;
#728 = COLOUR_RGB ( '',0.1137254901960784300, 0.1137254901960784300, 0.1137254901960784300 ) ;
#729 = ORIENTED_EDGE ( 'NONE', *, *, #2687, .T. ) ;
#730 = CARTESIAN_POINT ( 'NONE',  ( -0.6950000000000000600, 0.2199999999999999700, 0.06250000000000000000 ) ) ;
#731 = EDGE_CURVE ( 'NONE', #2940, #1460, #193, .T. ) ;
#732 = CARTESIAN_POINT ( 'NONE',  ( -0.6949999999999998400, -0.1250000000000000300, -0.08999999999999999700 ) ) ;
#733 = ORIENTED_EDGE ( 'NONE', *, *, #2695, .F. ) ;
#734 = VECTOR ( 'NONE', #2820, 39.37007874015748100 ) ;
#735 = CIRCLE ( 'NONE', #1110, 0.1250000000000000300 ) ;
#736 = ORIENTED_EDGE ( 'NONE', *, *, #1863, .F. ) ;
#737 = CARTESIAN_POINT ( 'NONE',  ( 0.8999999999999999100, -0.7749999999999999100, 0.03750000000000013000 ) ) ;
#738 = CARTESIAN_POINT ( 'NONE',  ( 0.8049999999999998300, -0.1250000000000000300, -0.04000000000000000100 ) ) ;
#739 = CARTESIAN_POINT ( 'NONE',  ( -0.6550000000000002500, 0.2199999999999999700, 0.06250000000000000000 ) ) ;
#740 = LINE ( 'NONE', #938, #819 ) ;
#741 = EDGE_LOOP ( 'NONE', ( #1831, #1603, #3403, #2626 ) ) ;
#742 = CYLINDRICAL_SURFACE ( 'NONE', #2877, 0.02000000000000005900 ) ;
#743 = VERTEX_POINT ( 'NONE', #2896 ) ;
#744 = EDGE_CURVE ( 'NONE', #1452, #3301, #2758, .T. ) ;
#745 = CARTESIAN_POINT ( 'NONE',  ( 0.6300000000000001200, 0.3249999999999999600, -0.1400000000000000100 ) ) ;
#746 = PRESENTATION_STYLE_ASSIGNMENT (( #1058 ) ) ;
#747 = CARTESIAN_POINT ( 'NONE',  ( 0.6750000000000002700, 0.1999999999999999800, 0.0000000000000000000 ) ) ;
#748 = ORIENTED_EDGE ( 'NONE', *, *, #2798, .T. ) ;
#749 = CARTESIAN_POINT ( 'NONE',  ( 0.8249999999999998400, -0.005000000000000014800, 0.0000000000000000000 ) ) ;
#750 = AXIS2_PLACEMENT_3D ( 'NONE', #2526, #763, #1884 ) ;
#751 = DIRECTION ( 'NONE',  ( -1.000000000000000000, 0.0000000000000000000, 0.0000000000000000000 ) ) ;
#752 = DIRECTION ( 'NONE',  ( 0.0000000000000000000, 0.0000000000000000000, -1.000000000000000000 ) ) ;
#753 = LINE ( 'NONE', #2902, #2067 ) ;
#754 = CARTESIAN_POINT ( 'NONE',  ( 0.6949999999999999500, -0.2300000000000000400, 0.06250000000000000000 ) ) ;
#755 = CIRCLE ( 'NONE', #2804, 0.02000000000000005900 ) ;
#756 = DIRECTION ( 'NONE',  ( 0.0000000000000000000, 0.0000000000000000000, -1.000000000000000000 ) ) ;
#757 = EDGE_LOOP ( 'NONE', ( #3263, #823, #2321, #2231 ) ) ;
#758 = ORIENTED_EDGE ( 'NONE', *, *, #930, .F. ) ;
#759 = EDGE_CURVE ( 'NONE', #1992, #1156, #764, .T. ) ;
#760 = ORIENTED_EDGE ( 'NONE', *, *, #2239, .T. ) ;
#761 = VECTOR ( 'NONE', #2930, 39.37007874015748100 ) ;
#762 = AXIS2_PLACEMENT_3D ( 'NONE', #933, #2913, #2980 ) ;
#763 = DIRECTION ( 'NONE',  ( 0.0000000000000000000, 0.0000000000000000000, -1.000000000000000000 ) ) ;
#764 = LINE ( 'NONE', #1054, #2111 ) ;
#765 = ORIENTED_EDGE ( 'NONE', *, *, #1940, .T. ) ;
#766 = EDGE_CURVE ( 'NONE', #2703, #2161, #389, .T. ) ;
#767 = DIRECTION ( 'NONE',  ( 0.0000000000000000000, 0.0000000000000000000, -1.000000000000000000 ) ) ;
#768 = DIRECTION ( 'NONE',  ( -0.0000000000000000000, -0.0000000000000000000, 1.000000000000000000 ) ) ;
#769 = FACE_OUTER_BOUND ( 'NONE', #2852, .T. ) ;
#770 = ORIENTED_EDGE ( 'NONE', *, *, #1567, .T. ) ;
#771 =( NAMED_UNIT ( * ) PLANE_ANGLE_UNIT ( ) SI_UNIT ( $, .RADIAN. ) );
#772 = CARTESIAN_POINT ( 'NONE',  ( -0.8049999999999997200, -0.2300000000000000400, 0.0000000000000000000 ) ) ;
#773 = VECTOR ( 'NONE', #1146, 39.37007874015748100 ) ;
#774 = ORIENTED_EDGE ( 'NONE', *, *, #1762, .F. ) ;
#775 = DIRECTION ( 'NONE',  ( 1.000000000000000000, 0.0000000000000000000, 0.0000000000000000000 ) ) ;
#776 = VERTEX_POINT ( 'NONE', #2858 ) ;
#777 = DIRECTION ( 'NONE',  ( -0.0000000000000000000, -0.0000000000000000000, -1.000000000000000000 ) ) ;
#778 = DIRECTION ( 'NONE',  ( 1.000000000000000000, 0.0000000000000000000, 7.114187483500688500E-017 ) ) ;
#779 = ORIENTED_EDGE ( 'NONE', *, *, #672, .T. ) ;
#780 = LINE ( 'NONE', #2456, #2108 ) ;
#781 = CARTESIAN_POINT ( 'NONE',  ( 0.8249999999999999600, 0.4649999999999999700, 0.0000000000000000000 ) ) ;
#782 = CARTESIAN_POINT ( 'NONE',  ( 0.8249999999999999600, -0.2500000000000000000, 0.06250000000000000000 ) ) ;
#783 = CIRCLE ( 'NONE', #906, 0.04000000000000000100 ) ;
#784 = ORIENTED_EDGE ( 'NONE', *, *, #2550, .T. ) ;
#785 = EDGE_CURVE ( 'NONE', #1317, #3338, #509, .T. ) ;
#786 = DIRECTION ( 'NONE',  ( 0.0000000000000000000, 0.0000000000000000000, -1.000000000000000000 ) ) ;
#787 = DIRECTION ( 'NONE',  ( -1.000000000000000000, -1.365923996832125700E-015, 0.0000000000000000000 ) ) ;
#788 = AXIS2_PLACEMENT_3D ( 'NONE', #1813, #1946, #434 ) ;
#789 = AXIS2_PLACEMENT_3D ( 'NONE', #2058, #3086, #17 ) ;
#790 = LINE ( 'NONE', #739, #1879 ) ;
#791 = ORIENTED_EDGE ( 'NONE', *, *, #1605, .F. ) ;
#792 = DIRECTION ( 'NONE',  ( -1.000000000000000000, -1.707404996040159400E-015, 0.0000000000000000000 ) ) ;
#793 = DIRECTION ( 'NONE',  ( -1.000000000000000000, 5.154430176725025800E-016, 0.0000000000000000000 ) ) ;
#794 = CARTESIAN_POINT ( 'NONE',  ( -0.8050000000000000500, 0.2849999999999999800, -0.04000000000000000100 ) ) ;
#795 = LINE ( 'NONE', #2631, #2748 ) ;
#796 = ORIENTED_EDGE ( 'NONE', *, *, #215, .T. ) ;
#797 = ORIENTED_EDGE ( 'NONE', *, *, #724, .T. ) ;
#798 = EDGE_CURVE ( 'NONE', #1336, #1384, #1970, .T. ) ;
#799 = LINE ( 'NONE', #257, #1004 ) ;
#800 = CARTESIAN_POINT ( 'NONE',  ( 0.7749999999999999100, -0.7749999999999999100, 0.03750000000000013000 ) ) ;
#801 = CARTESIAN_POINT ( 'NONE',  ( -0.8999999999999999100, 0.7750000000000000200, 0.03750000000000013000 ) ) ;
#802 = EDGE_CURVE ( 'NONE', #1560, #2444, #1594, .T. ) ;
#803 = FACE_OUTER_BOUND ( 'NONE', #28, .T. ) ;
#804 = DIRECTION ( 'NONE',  ( 0.0000000000000000000, 0.0000000000000000000, -1.000000000000000000 ) ) ;
#805 = DIRECTION ( 'NONE',  ( 0.0000000000000000000, -1.000000000000000000, 0.0000000000000000000 ) ) ;
#806 = DIRECTION ( 'NONE',  ( 0.0000000000000000000, 0.0000000000000000000, 1.000000000000000000 ) ) ;
#807 = ORIENTED_EDGE ( 'NONE', *, *, #2714, .F. ) ;
#808 = VERTEX_POINT ( 'NONE', #1014 ) ;
#809 = VECTOR ( 'NONE', #1413, 39.37007874015748100 ) ;
#810 = VERTEX_POINT ( 'NONE', #1197 ) ;
#811 = DIRECTION ( 'NONE',  ( 1.000000000000000000, 0.0000000000000000000, 0.0000000000000000000 ) ) ;
#812 = DIRECTION ( 'NONE',  ( -0.0000000000000000000, -0.0000000000000000000, 1.000000000000000000 ) ) ;
#813 = VECTOR ( 'NONE', #25, 39.37007874015748100 ) ;
#814 = ORIENTED_EDGE ( 'NONE', *, *, #1719, .F. ) ;
#815 = LINE ( 'NONE', #2615, #4 ) ;
#816 = ORIENTED_EDGE ( 'NONE', *, *, #1183, .F. ) ;
#817 = CARTESIAN_POINT ( 'NONE',  ( -0.6950000000000000600, 0.3249999999999999600, 0.06250000000000000000 ) ) ;
#818 = AXIS2_PLACEMENT_3D ( 'NONE', #1440, #2837, #1362 ) ;
#819 = VECTOR ( 'NONE', #3264, 39.37007874015748100 ) ;
#820 = EDGE_CURVE ( 'NONE', #2921, #1651, #3330, .T. ) ;
#821 = DIRECTION ( 'NONE',  ( -0.0000000000000000000, -0.0000000000000000000, 1.000000000000000000 ) ) ;
#822 = VERTEX_POINT ( 'NONE', #3149 ) ;
#823 = ORIENTED_EDGE ( 'NONE', *, *, #3168, .F. ) ;
#824 = CYLINDRICAL_SURFACE ( 'NONE', #3363, 0.02000000000000005900 ) ;
#825 = ORIENTED_EDGE ( 'NONE', *, *, #3217, .F. ) ;
#826 = CARTESIAN_POINT ( 'NONE',  ( 0.8250000000000000700, 0.2199999999999999700, 0.0000000000000000000 ) ) ;
#827 = VECTOR ( 'NONE', #1295, 39.37007874015748100 ) ;
#828 = EDGE_CURVE ( 'NONE', #1565, #1577, #2203, .T. ) ;
#829 = AXIS2_PLACEMENT_3D ( 'NONE', #3327, #1419, #2255 ) ;
#830 = DIRECTION ( 'NONE',  ( 0.0000000000000000000, 0.0000000000000000000, -1.000000000000000000 ) ) ;
#831 = LINE ( 'NONE', #2827, #2805 ) ;
#832 = EDGE_LOOP ( 'NONE', ( #1037, #18, #2315, #3214 ) ) ;
#833 = CARTESIAN_POINT ( 'NONE',  ( 0.8700000000000000000, 0.4249999999999999900, -0.1399999999999999900 ) ) ;
#834 = LINE ( 'NONE', #1659, #1520 ) ;
#835 = CARTESIAN_POINT ( 'NONE',  ( -0.6750000000000000400, -0.2300000000000000100, 0.06250000000000000000 ) ) ;
#836 = ORIENTED_EDGE ( 'NONE', *, *, #1758, .T. ) ;
#837 = CARTESIAN_POINT ( 'NONE',  ( 0.6949999999999999500, -0.1250000000000000300, -0.04000000000000000100 ) ) ;
#838 = DIRECTION ( 'NONE',  ( 0.0000000000000000000, 0.0000000000000000000, -1.000000000000000000 ) ) ;
#839 = ADVANCED_FACE ( 'NONE', ( #2169 ), #2741, .T. ) ;
#840 = ORIENTED_EDGE ( 'NONE', *, *, #2935, .F. ) ;
#841 = AXIS2_PLACEMENT_3D ( 'NONE', #931, #2332, #1968 ) ;
#842 = EDGE_CURVE ( 'NONE', #372, #2404, #1568, .T. ) ;
#843 = ORIENTED_EDGE ( 'NONE', *, *, #2385, .T. ) ;
#844 = VERTEX_POINT ( 'NONE', #1483 ) ;
#845 = DIRECTION ( 'NONE',  ( -1.000000000000000000, 0.0000000000000000000, 0.0000000000000000000 ) ) ;
#846 = VERTEX_POINT ( 'NONE', #865 ) ;
#847 = CIRCLE ( 'NONE', #708, 0.02000000000000005900 ) ;
#848 = ADVANCED_FACE ( 'NONE', ( #1712 ), #1888, .T. ) ;
#849 = EDGE_CURVE ( 'NONE', #2424, #1901, #216, .T. ) ;
#850 = CARTESIAN_POINT ( 'NONE',  ( -0.7749999999999999100, 0.8750000000000003300, 0.06250000000000000000 ) ) ;
#851 = ORIENTED_EDGE ( 'NONE', *, *, #2680, .T. ) ;
#852 = CARTESIAN_POINT ( 'NONE',  ( -0.6750000000000000400, -0.2500000000000000000, 0.0000000000000000000 ) ) ;
#853 = LINE ( 'NONE', #607, #3093 ) ;
#854 = AXIS2_PLACEMENT_3D ( 'NONE', #1771, #3306, #845 ) ;
#855 = DIRECTION ( 'NONE',  ( -1.000000000000000000, -0.0000000000000000000, -0.0000000000000000000 ) ) ;
#856 = AXIS2_PLACEMENT_3D ( 'NONE', #1475, #2878, #2153 ) ;
#857 = ORIENTED_EDGE ( 'NONE', *, *, #1857, .F. ) ;
#858 = EDGE_CURVE ( 'NONE', #3198, #2825, #1116, .T. ) ;
#859 = CARTESIAN_POINT ( 'NONE',  ( 0.7849999999999998100, -0.02500000000000000500, 0.06250000000000000000 ) ) ;
#860 = CARTESIAN_POINT ( 'NONE',  ( -0.8449999999999996400, -0.2500000000000000600, 0.06250000000000000000 ) ) ;
#861 = LINE ( 'NONE', #1708, #2866 ) ;
#862 = ORIENTED_EDGE ( 'NONE', *, *, #594, .T. ) ;
#863 = DIRECTION ( 'NONE',  ( 0.0000000000000000000, 0.0000000000000000000, -1.000000000000000000 ) ) ;
#864 = LINE ( 'NONE', #1776, #3155 ) ;
#865 = CARTESIAN_POINT ( 'NONE',  ( 0.7750000000000000200, -0.8999999999999999100, 0.0000000000000000000 ) ) ;
#866 = ORIENTED_EDGE ( 'NONE', *, *, #3018, .F. ) ;
#867 = VECTOR ( 'NONE', #490, 39.37007874015748100 ) ;
#868 = EDGE_CURVE ( 'NONE', #1456, #277, #2639, .T. ) ;
#869 = EDGE_LOOP ( 'NONE', ( #1365, #569, #1973, #413 ) ) ;
#870 = CARTESIAN_POINT ( 'NONE',  ( -0.8700000000000000000, 0.4249999999999999900, -0.09000000000000001100 ) ) ;
#871 = CARTESIAN_POINT ( 'NONE',  ( 0.6300000000000000000, -0.02500000000000001500, -0.09000000000000001100 ) ) ;
#872 = CYLINDRICAL_SURFACE ( 'NONE', #611, 0.1250000000000000300 ) ;
#873 = ORIENTED_EDGE ( 'NONE', *, *, #264, .F. ) ;
#874 = AXIS2_PLACEMENT_3D ( 'NONE', #107, #1873, #3253 ) ;
#875 = CARTESIAN_POINT ( 'NONE',  ( 0.8049999999999998300, -0.1250000000000000300, -0.08999999999999999700 ) ) ;
#876 = AXIS2_PLACEMENT_3D ( 'NONE', #1209, #2602, #2062 ) ;
#877 = ORIENTED_EDGE ( 'NONE', *, *, #2146, .F. ) ;
#878 = CARTESIAN_POINT ( 'NONE',  ( -0.7849999999999999200, 0.4249999999999999900, 0.06250000000000000000 ) ) ;
#879 = CARTESIAN_POINT ( 'NONE',  ( 0.8249999999999996200, -0.2500000000000000000, 0.0000000000000000000 ) ) ;
#880 = CARTESIAN_POINT ( 'NONE',  ( -0.7749999999999999100, -0.7749999999999999100, 0.03750000000000013000 ) ) ;
#881 = VECTOR ( 'NONE', #778, 39.37007874015748100 ) ;
#882 = VERTEX_POINT ( 'NONE', #1545 ) ;
#883 = EDGE_CURVE ( 'NONE', #1199, #1313, #1851, .T. ) ;
#884 = EDGE_LOOP ( 'NONE', ( #340, #2288, #1388, #1378, #2802 ) ) ;
#885 = ADVANCED_FACE ( 'NONE', ( #342 ), #261, .T. ) ;
#886 = DIRECTION ( 'NONE',  ( 0.0000000000000000000, 0.0000000000000000000, -1.000000000000000000 ) ) ;
#887 = CARTESIAN_POINT ( 'NONE',  ( 0.0000000000000000000, -0.8750000000000003300, 0.06250000000000000000 ) ) ;
#888 = ORIENTED_EDGE ( 'NONE', *, *, #2951, .T. ) ;
#889 = VERTEX_POINT ( 'NONE', #1443 ) ;
#890 = EDGE_CURVE ( 'NONE', #2342, #1317, #699, .T. ) ;
#891 = EDGE_CURVE ( 'NONE', #1544, #374, #1479, .T. ) ;
#892 = DIRECTION ( 'NONE',  ( -1.000000000000000000, -1.707404996040159400E-015, 0.0000000000000000000 ) ) ;
#893 = ORIENTED_EDGE ( 'NONE', *, *, #2082, .F. ) ;
#894 = CARTESIAN_POINT ( 'NONE',  ( 0.6300000000000000000, -0.1250000000000000300, -0.09000000000000001100 ) ) ;
#895 = CIRCLE ( 'NONE', #1687, 0.02000000000000005900 ) ;
#896 = VERTEX_POINT ( 'NONE', #2235 ) ;
#897 = DIRECTION ( 'NONE',  ( 0.0000000000000000000, 0.0000000000000000000, -1.000000000000000000 ) ) ;
#898 = CARTESIAN_POINT ( 'NONE',  ( 0.6750000000000000400, 0.2199999999999999500, 0.06250000000000000000 ) ) ;
#899 = EDGE_CURVE ( 'NONE', #2432, #1012, #2753, .T. ) ;
#900 = AXIS2_PLACEMENT_3D ( 'NONE', #296, #3143, #453 ) ;
#901 = CARTESIAN_POINT ( 'NONE',  ( -0.7749999999999999100, -0.7749999999999999100, 0.06250000000000000000 ) ) ;
#902 = ORIENTED_EDGE ( 'NONE', *, *, #1334, .T. ) ;
#903 = DIRECTION ( 'NONE',  ( -1.000000000000000000, 0.0000000000000000000, 0.0000000000000000000 ) ) ;
#904 = ORIENTED_EDGE ( 'NONE', *, *, #1719, .T. ) ;
#905 = CARTESIAN_POINT ( 'NONE',  ( -0.6300000000000001200, 0.4249999999999999900, -0.08999999999999999700 ) ) ;
#906 = AXIS2_PLACEMENT_3D ( 'NONE', #1523, #57, #370 ) ;
#907 = CARTESIAN_POINT ( 'NONE',  ( 0.7849999999999998100, -0.04500000000000001200, 0.06250000000000000000 ) ) ;
#908 = EDGE_LOOP ( 'NONE', ( #2811, #2173, #1665, #3027, #796, #271, #2148 ) ) ;
#909 = PLANE ( 'NONE',  #99 ) ;
#910 = VECTOR ( 'NONE', #3183, 39.37007874015748100 ) ;
#911 = CARTESIAN_POINT ( 'NONE',  ( -0.6550000000000000300, -0.2300000000000000100, 0.06250000000000000000 ) ) ;
#912 = CARTESIAN_POINT ( 'NONE',  ( -0.8249999999999999600, 0.4649999999999999700, 0.06250000000000000000 ) ) ;
#913 = VECTOR ( 'NONE', #123, 39.37007874015748100 ) ;
#914 = ORIENTED_EDGE ( 'NONE', *, *, #1789, .T. ) ;
#915 = DIRECTION ( 'NONE',  ( -1.000000000000000000, 0.0000000000000000000, 0.0000000000000000000 ) ) ;
#916 = CARTESIAN_POINT ( 'NONE',  ( -0.6949999999999998400, -0.1250000000000000300, -0.08999999999999999700 ) ) ;
#917 = EDGE_CURVE ( 'NONE', #2302, #1291, #1466, .T. ) ;
#918 = EDGE_CURVE ( 'NONE', #3169, #2940, #2957, .T. ) ;
#919 = VECTOR ( 'NONE', #1908, 39.37007874015748100 ) ;
#920 = EDGE_LOOP ( 'NONE', ( #1671, #42, #2751, #1704 ) ) ;
#921 = EDGE_CURVE ( 'NONE', #2608, #1154, #268, .T. ) ;
#922 = DIRECTION ( 'NONE',  ( -0.0000000000000000000, -0.0000000000000000000, 1.000000000000000000 ) ) ;
#923 = CARTESIAN_POINT ( 'NONE',  ( -0.8050000000000000500, 0.2199999999999999500, 0.06250000000000000000 ) ) ;
#924 = DIRECTION ( 'NONE',  ( -1.000000000000000000, 0.0000000000000000000, 0.0000000000000000000 ) ) ;
#925 = AXIS2_PLACEMENT_3D ( 'NONE', #129, #237, #230 ) ;
#926 = ORIENTED_EDGE ( 'NONE', *, *, #2475, .F. ) ;
#927 = CARTESIAN_POINT ( 'NONE',  ( 0.7149999999999999700, -0.04500000000000001200, -0.09000000000000001100 ) ) ;
#928 = VECTOR ( 'NONE', #3067, 39.37007874015748100 ) ;
#929 = EDGE_CURVE ( 'NONE', #3024, #3105, #1570, .T. ) ;
#930 = EDGE_CURVE ( 'NONE', #2505, #2502, #3034, .T. ) ;
#931 = CARTESIAN_POINT ( 'NONE',  ( -0.8449999999999997500, 0.01499999999999997700, 0.06250000000000000000 ) ) ;
#932 = ADVANCED_FACE ( 'NONE', ( #373 ), #229, .F. ) ;
#933 = CARTESIAN_POINT ( 'NONE',  ( 0.6750000000000000400, -0.005000000000000023500, 0.06250000000000000000 ) ) ;
#934 = ORIENTED_EDGE ( 'NONE', *, *, #602, .T. ) ;
#935 = EDGE_CURVE ( 'NONE', #1426, #1005, #3277, .T. ) ;
#936 = EDGE_LOOP ( 'NONE', ( #1257, #2786, #2960, #2163 ) ) ;
#937 = CARTESIAN_POINT ( 'NONE',  ( -0.8700000000000000000, 0.3249999999999999600, -0.09000000000000001100 ) ) ;
#938 = CARTESIAN_POINT ( 'NONE',  ( 0.6550000000000001400, 0.4649999999999999700, 0.0000000000000000000 ) ) ;
#939 = CARTESIAN_POINT ( 'NONE',  ( 0.6750000000000000400, 0.01499999999999997700, 0.06250000000000000000 ) ) ;
#940 = ORIENTED_EDGE ( 'NONE', *, *, #2742, .F. ) ;
#941 = EDGE_CURVE ( 'NONE', #726, #2432, #1890, .T. ) ;
#942 = CARTESIAN_POINT ( 'NONE',  ( -0.8249999999999996200, -0.005000000000000023500, 0.06250000000000000000 ) ) ;
#943 = EDGE_CURVE ( 'NONE', #9, #2036, #620, .T. ) ;
#944 = ADVANCED_FACE ( 'NONE', ( #82 ), #1314, .F. ) ;
#945 = ORIENTED_EDGE ( 'NONE', *, *, #3398, .T. ) ;
#946 = AXIS2_PLACEMENT_3D ( 'NONE', #3379, #2573, #1402 ) ;
#947 = LINE ( 'NONE', #2934, #1297 ) ;
#948 = DIRECTION ( 'NONE',  ( 0.0000000000000000000, 0.0000000000000000000, -1.000000000000000000 ) ) ;
#949 = DIRECTION ( 'NONE',  ( -0.0000000000000000000, 1.000000000000000000, -0.0000000000000000000 ) ) ;
#950 = CARTESIAN_POINT ( 'NONE',  ( 0.6750000000000001600, 0.4649999999999999700, 0.0000000000000000000 ) ) ;
#951 = DIRECTION ( 'NONE',  ( 0.0000000000000000000, -1.000000000000000000, 0.0000000000000000000 ) ) ;
#952 = LINE ( 'NONE', #3098, #1637 ) ;
#953 = CARTESIAN_POINT ( 'NONE',  ( 0.6550000000000000300, -0.005000000000000049500, 0.0000000000000000000 ) ) ;
#954 = VERTEX_POINT ( 'NONE', #1151 ) ;
#955 = AXIS2_PLACEMENT_3D ( 'NONE', #398, #3365, #479 ) ;
#956 = VECTOR ( 'NONE', #949, 39.37007874015748100 ) ;
#957 = EDGE_LOOP ( 'NONE', ( #893, #758, #1749, #2676 ) ) ;
#958 = ORIENTED_EDGE ( 'NONE', *, *, #678, .F. ) ;
#959 = CARTESIAN_POINT ( 'NONE',  ( 0.6550000000000002500, 0.1999999999999999600, 0.06250000000000000000 ) ) ;
#960 = DIRECTION ( 'NONE',  ( 0.0000000000000000000, 0.0000000000000000000, -1.000000000000000000 ) ) ;
#961 = CYLINDRICAL_SURFACE ( 'NONE', #3133, 0.02000000000000005900 ) ;
#962 = ORIENTED_EDGE ( 'NONE', *, *, #1928, .T. ) ;
#963 = CARTESIAN_POINT ( 'NONE',  ( -0.6750000000000002700, 0.1999999999999999800, 0.0000000000000000000 ) ) ;
#964 = ORIENTED_EDGE ( 'NONE', *, *, #2770, .T. ) ;
#965 = CARTESIAN_POINT ( 'NONE',  ( -0.8700000000000000000, 0.4249999999999999900, -0.1400000000000000100 ) ) ;
#966 = DIRECTION ( 'NONE',  ( -1.000000000000000000, 0.0000000000000000000, 0.0000000000000000000 ) ) ;
#967 = FACE_BOUND ( 'NONE', #2459, .T. ) ;
#968 = CARTESIAN_POINT ( 'NONE',  ( -0.6949999999999998400, -0.1650000000000000100, 0.0000000000000000000 ) ) ;
#969 = ORIENTED_EDGE ( 'NONE', *, *, #3039, .F. ) ;
#970 = LINE ( 'NONE', #737, #1368 ) ;
#971 = CARTESIAN_POINT ( 'NONE',  ( -0.8049999999999997200, -0.1250000000000000300, -0.09000000000000001100 ) ) ;
#972 = ADVANCED_FACE ( 'NONE', ( #1436 ), #3130, .T. ) ;
#973 = CARTESIAN_POINT ( 'NONE',  ( -0.8449999999999998600, 0.2199999999999999700, 0.06250000000000000000 ) ) ;
#974 = VERTEX_POINT ( 'NONE', #973 ) ;
#975 = FACE_OUTER_BOUND ( 'NONE', #2793, .T. ) ;
#976 = AXIS2_PLACEMENT_3D ( 'NONE', #190, #1124, #224 ) ;
#977 = CARTESIAN_POINT ( 'NONE',  ( 0.6750000000000001600, -0.2300000000000000100, 0.0000000000000000000 ) ) ;
#978 = ORIENTED_EDGE ( 'NONE', *, *, #2344, .F. ) ;
#979 = CIRCLE ( 'NONE', #1094, 0.02000000000000005900 ) ;
#980 = ORIENTED_EDGE ( 'NONE', *, *, #2680, .F. ) ;
#981 = VERTEX_POINT ( 'NONE', #2362 ) ;
#982 = VECTOR ( 'NONE', #2560, 39.37007874015748100 ) ;
#983 = CARTESIAN_POINT ( 'NONE',  ( -0.6300000000000001200, 0.3249999999999999600, -0.1399999999999999900 ) ) ;
#984 = CARTESIAN_POINT ( 'NONE',  ( 0.7149999999999999700, -0.04500000000000001200, -0.09000000000000001100 ) ) ;
#985 = EDGE_LOOP ( 'NONE', ( #873, #1796, #495, #119 ) ) ;
#986 = DIRECTION ( 'NONE',  ( -1.000000000000000000, 0.0000000000000000000, 0.0000000000000000000 ) ) ;
#987 = VECTOR ( 'NONE', #713, 39.37007874015748100 ) ;
#988 = CARTESIAN_POINT ( 'NONE',  ( 0.6550000000000001400, -0.2500000000000000600, 0.06250000000000000000 ) ) ;
#989 = LINE ( 'NONE', #562, #3230 ) ;
#990 = VERTEX_POINT ( 'NONE', #1232 ) ;
#991 = AXIS2_PLACEMENT_3D ( 'NONE', #621, #1160, #378 ) ;
#992 = DIRECTION ( 'NONE',  ( 1.000000000000000000, -0.0000000000000000000, -0.0000000000000000000 ) ) ;
#993 = FACE_OUTER_BOUND ( 'NONE', #1918, .T. ) ;
#994 = ORIENTED_EDGE ( 'NONE', *, *, #2971, .F. ) ;
#995 = DIRECTION ( 'NONE',  ( 1.000000000000000000, 0.0000000000000000000, 7.114187483500688500E-017 ) ) ;
#996 = EDGE_LOOP ( 'NONE', ( #3331, #3190, #31, #349, #3312, #2663, #3407, #635 ) ) ;
#997 = DIRECTION ( 'NONE',  ( 0.0000000000000000000, 0.0000000000000000000, 1.000000000000000000 ) ) ;
#998 = ORIENTED_EDGE ( 'NONE', *, *, #2457, .F. ) ;
#999 = VECTOR ( 'NONE', #1017, 39.37007874015748100 ) ;
#1000 = VERTEX_POINT ( 'NONE', #313 ) ;
#1001 = DIRECTION ( 'NONE',  ( -1.000000000000000000, 0.0000000000000000000, 0.0000000000000000000 ) ) ;
#1002 = EDGE_CURVE ( 'NONE', #2474, #2572, #3045, .T. ) ;
#1003 = EDGE_CURVE ( 'NONE', #1752, #3169, #1620, .T. ) ;
#1004 = VECTOR ( 'NONE', #838, 39.37007874015748100 ) ;
#1005 = VERTEX_POINT ( 'NONE', #905 ) ;
#1006 = CYLINDRICAL_SURFACE ( 'NONE', #1546, 0.1250000000000000300 ) ;
#1007 = ORIENTED_EDGE ( 'NONE', *, *, #1435, .F. ) ;
#1008 = VECTOR ( 'NONE', #619, 39.37007874015748100 ) ;
#1009 = ORIENTED_EDGE ( 'NONE', *, *, #1997, .T. ) ;
#1010 = CIRCLE ( 'NONE', #683, 0.1250000000000000300 ) ;
#1011 = DIRECTION ( 'NONE',  ( 0.0000000000000000000, 0.0000000000000000000, -1.000000000000000000 ) ) ;
#1012 = VERTEX_POINT ( 'NONE', #354 ) ;
#1013 = AXIS2_PLACEMENT_3D ( 'NONE', #1663, #830, #2134 ) ;
#1014 = CARTESIAN_POINT ( 'NONE',  ( 0.8449999999999997500, -0.2300000000000000100, 0.0000000000000000000 ) ) ;
#1015 = CARTESIAN_POINT ( 'NONE',  ( -0.8999999999999999100, -0.8999999999999999100, 0.03750000000000013000 ) ) ;
#1016 = ORIENTED_EDGE ( 'NONE', *, *, #921, .F. ) ;
#1017 = DIRECTION ( 'NONE',  ( -1.000000000000000000, -0.0000000000000000000, -0.0000000000000000000 ) ) ;
#1018 = CARTESIAN_POINT ( 'NONE',  ( 0.6750000000000000400, 0.01499999999999997700, 0.0000000000000000000 ) ) ;
#1019 = DIRECTION ( 'NONE',  ( 1.000000000000000000, 0.0000000000000000000, 0.0000000000000000000 ) ) ;
#1020 = DIRECTION ( 'NONE',  ( -1.000000000000000000, 0.0000000000000000000, 0.0000000000000000000 ) ) ;
#1021 = ORIENTED_EDGE ( 'NONE', *, *, #439, .F. ) ;
#1022 = DIRECTION ( 'NONE',  ( -7.114187483500688500E-017, 0.0000000000000000000, 1.000000000000000000 ) ) ;
#1023 = CIRCLE ( 'NONE', #900, 0.02000000000000005900 ) ;
#1024 = DIRECTION ( 'NONE',  ( -0.0000000000000000000, -0.0000000000000000000, 1.000000000000000000 ) ) ;
#1025 = ORIENTED_EDGE ( 'NONE', *, *, #2418, .T. ) ;
#1026 = ADVANCED_FACE ( 'NONE', ( #170, #1237, #2410, #2241, #1400 ), #3015, .T. ) ;
#1027 = DIRECTION ( 'NONE',  ( 0.0000000000000000000, 1.000000000000000000, 0.0000000000000000000 ) ) ;
#1028 = EDGE_LOOP ( 'NONE', ( #49, #697, #3147, #2856 ) ) ;
#1029 = DIRECTION ( 'NONE',  ( -1.000000000000000000, 0.0000000000000000000, 0.0000000000000000000 ) ) ;
#1030 = EDGE_CURVE ( 'NONE', #981, #274, #3279, .T. ) ;
#1031 = FACE_OUTER_BOUND ( 'NONE', #167, .T. ) ;
#1032 = ORIENTED_EDGE ( 'NONE', *, *, #1554, .F. ) ;
#1033 = CARTESIAN_POINT ( 'NONE',  ( 0.6950000000000000600, 0.2849999999999999800, 0.0000000000000000000 ) ) ;
#1034 = LINE ( 'NONE', #1566, #867 ) ;
#1035 = CARTESIAN_POINT ( 'NONE',  ( -0.8700000000000000000, 0.3249999999999999600, -0.1400000000000000100 ) ) ;
#1036 = CARTESIAN_POINT ( 'NONE',  ( -0.6950000000000000600, 0.3249999999999999600, 0.0000000000000000000 ) ) ;
#1037 = ORIENTED_EDGE ( 'NONE', *, *, #2798, .F. ) ;
#1038 = CARTESIAN_POINT ( 'NONE',  ( 0.6749999999999999300, -0.2300000000000000400, 0.0000000000000000000 ) ) ;
#1039 = FACE_OUTER_BOUND ( 'NONE', #1561, .T. ) ;
#1040 = CARTESIAN_POINT ( 'NONE',  ( -0.6950000000000000600, 0.3249999999999999600, -0.08999999999999999700 ) ) ;
#1041 = VERTEX_POINT ( 'NONE', #1833 ) ;
#1042 = VECTOR ( 'NONE', #1711, 39.37007874015748100 ) ;
#1043 = ORIENTED_EDGE ( 'NONE', *, *, #1337, .F. ) ;
#1044 = CIRCLE ( 'NONE', #3196, 0.02000000000000005900 ) ;
#1045 = DIRECTION ( 'NONE',  ( -1.000000000000000000, -0.0000000000000000000, -0.0000000000000000000 ) ) ;
#1046 = EDGE_CURVE ( 'NONE', #1409, #2210, #2564, .T. ) ;
#1047 = DIRECTION ( 'NONE',  ( -1.000000000000000000, 0.0000000000000000000, 0.0000000000000000000 ) ) ;
#1048 = ORIENTED_EDGE ( 'NONE', *, *, #2177, .T. ) ;
#1049 = VECTOR ( 'NONE', #680, 39.37007874015748100 ) ;
#1050 = VERTEX_POINT ( 'NONE', #3022 ) ;
#1051 = VECTOR ( 'NONE', #3141, 39.37007874015748100 ) ;
#1052 = ORIENTED_EDGE ( 'NONE', *, *, #935, .T. ) ;
#1053 = DIRECTION ( 'NONE',  ( 1.000000000000000000, 0.0000000000000000000, 7.114187483500688500E-017 ) ) ;
#1054 = CARTESIAN_POINT ( 'NONE',  ( 0.6550000000000000300, -0.005000000000000033900, 0.06250000000000000000 ) ) ;
#1055 = DIRECTION ( 'NONE',  ( -1.000000000000000000, -0.0000000000000000000, -0.0000000000000000000 ) ) ;
#1056 = ORIENTED_EDGE ( 'NONE', *, *, #2355, .F. ) ;
#1057 = EDGE_LOOP ( 'NONE', ( #816, #1363, #1759, #73 ) ) ;
#1058 = SURFACE_STYLE_USAGE ( .BOTH. , #2104 ) ;
#1059 = CYLINDRICAL_SURFACE ( 'NONE', #655, 0.04000000000000000100 ) ;
#1060 = ORIENTED_EDGE ( 'NONE', *, *, #1857, .T. ) ;
#1061 = EDGE_CURVE ( 'NONE', #2759, #1544, #1500, .T. ) ;
#1062 = VECTOR ( 'NONE', #3392, 39.37007874015748100 ) ;
#1063 = EDGE_LOOP ( 'NONE', ( #516, #553, #774, #2010 ) ) ;
#1064 = DIRECTION ( 'NONE',  ( -1.000000000000000000, 0.0000000000000000000, 0.0000000000000000000 ) ) ;
#1065 = CARTESIAN_POINT ( 'NONE',  ( 0.7750000000000000200, 0.7749999999999999100, 0.06250000000000000000 ) ) ;
#1066 = VECTOR ( 'NONE', #3255, 39.37007874015748100 ) ;
#1067 = EDGE_CURVE ( 'NONE', #3194, #2755, #1669, .T. ) ;
#1068 = ORIENTED_EDGE ( 'NONE', *, *, #2611, .F. ) ;
#1069 = CARTESIAN_POINT ( 'NONE',  ( -0.8250000000000000700, 0.2199999999999999500, 0.06250000000000000000 ) ) ;
#1070 = AXIS2_PLACEMENT_3D ( 'NONE', #390, #2685, #3205 ) ;
#1071 = CARTESIAN_POINT ( 'NONE',  ( -0.7150000000000001900, 0.4049999999999999700, -0.08999999999999999700 ) ) ;
#1072 = ORIENTED_EDGE ( 'NONE', *, *, #2149, .F. ) ;
#1073 = LINE ( 'NONE', #817, #2046 ) ;
#1074 = AXIS2_PLACEMENT_3D ( 'NONE', #90, #1596, #1064 ) ;
#1075 = DIRECTION ( 'NONE',  ( 0.0000000000000000000, 0.0000000000000000000, 1.000000000000000000 ) ) ;
#1076 = FACE_OUTER_BOUND ( 'NONE', #1196, .T. ) ;
#1077 = ORIENTED_EDGE ( 'NONE', *, *, #610, .T. ) ;
#1078 = ADVANCED_FACE ( 'NONE', ( #1213 ), #1925, .F. ) ;
#1079 = ORIENTED_EDGE ( 'NONE', *, *, #1705, .F. ) ;
#1080 = VECTOR ( 'NONE', #399, 39.37007874015748100 ) ;
#1081 = ORIENTED_EDGE ( 'NONE', *, *, #74, .T. ) ;
#1082 = LINE ( 'NONE', #2399, #2738 ) ;
#1083 = EDGE_LOOP ( 'NONE', ( #3278, #2250, #1627, #934 ) ) ;
#1084 = ADVANCED_FACE ( 'NONE', ( #2757 ), #1569, .T. ) ;
#1085 = VERTEX_POINT ( 'NONE', #781 ) ;
#1086 = EDGE_CURVE ( 'NONE', #3257, #137, #551, .T. ) ;
#1087 = CARTESIAN_POINT ( 'NONE',  ( 0.8050000000000000500, 0.2199999999999999700, -0.08999999999999999700 ) ) ;
#1088 = ORIENTED_EDGE ( 'NONE', *, *, #1756, .T. ) ;
#1089 = EDGE_CURVE ( 'NONE', #2038, #1807, #2781, .T. ) ;
#1090 = DIRECTION ( 'NONE',  ( 0.0000000000000000000, 0.0000000000000000000, -1.000000000000000000 ) ) ;
#1091 = ORIENTED_EDGE ( 'NONE', *, *, #2197, .T. ) ;
#1092 = DIRECTION ( 'NONE',  ( 0.0000000000000000000, 0.0000000000000000000, -1.000000000000000000 ) ) ;
#1093 = CIRCLE ( 'NONE', #3042, 0.1250000000000000300 ) ;
#1094 = AXIS2_PLACEMENT_3D ( 'NONE', #1713, #2718, #2613 ) ;
#1095 = ORIENTED_EDGE ( 'NONE', *, *, #2465, .T. ) ;
#1096 = EDGE_CURVE ( 'NONE', #2325, #1426, #1290, .T. ) ;
#1097 = ORIENTED_EDGE ( 'NONE', *, *, #2155, .F. ) ;
#1098 = VERTEX_POINT ( 'NONE', #1333 ) ;
#1099 = DIRECTION ( 'NONE',  ( 0.0000000000000000000, 1.000000000000000000, 0.0000000000000000000 ) ) ;
#1100 = CARTESIAN_POINT ( 'NONE',  ( 0.6950000000000000600, 0.3249999999999999600, -0.04000000000000000100 ) ) ;
#1101 = DIRECTION ( 'NONE',  ( -0.0000000000000000000, 1.000000000000000000, -0.0000000000000000000 ) ) ;
#1102 = LINE ( 'NONE', #3179, #2338 ) ;
#1103 = ADVANCED_FACE ( 'NONE', ( #239 ), #2887, .T. ) ;
#1104 = ORIENTED_EDGE ( 'NONE', *, *, #148, .T. ) ;
#1105 = EDGE_CURVE ( 'NONE', #343, #386, #2368, .T. ) ;
#1106 = CARTESIAN_POINT ( 'NONE',  ( 0.6949999999999999500, -0.2300000000000000400, -0.09000000000000001100 ) ) ;
#1107 = CARTESIAN_POINT ( 'NONE',  ( 0.0000000000000000000, 0.8750000000000003300, 0.06250000000000000000 ) ) ;
#1108 = LINE ( 'NONE', #871, #381 ) ;
#1109 = ORIENTED_EDGE ( 'NONE', *, *, #499, .F. ) ;
#1110 = AXIS2_PLACEMENT_3D ( 'NONE', #1431, #2507, #1959 ) ;
#1111 = DIRECTION ( 'NONE',  ( 1.000000000000000000, 5.154430176725024800E-016, 0.0000000000000000000 ) ) ;
#1112 = AXIS2_PLACEMENT_3D ( 'NONE', #134, #3062, #1345 ) ;
#1113 = DIRECTION ( 'NONE',  ( 1.000000000000000000, 0.0000000000000000000, 0.0000000000000000000 ) ) ;
#1114 = DIRECTION ( 'NONE',  ( -1.000000000000000000, 0.0000000000000000000, 0.0000000000000000000 ) ) ;
#1115 = EDGE_CURVE ( 'NONE', #1460, #1752, #1023, .T. ) ;
#1116 = LINE ( 'NONE', #2847, #3323 ) ;
#1117 = ORIENTED_EDGE ( 'NONE', *, *, #672, .F. ) ;
#1118 = FACE_OUTER_BOUND ( 'NONE', #2396, .T. ) ;
#1119 = CARTESIAN_POINT ( 'NONE',  ( -0.8050000000000000500, 0.3249999999999999600, -0.09000000000000001100 ) ) ;
#1120 = ORIENTED_EDGE ( 'NONE', *, *, #890, .F. ) ;
#1121 = CYLINDRICAL_SURFACE ( 'NONE', #3299, 0.1250000000000000300 ) ;
#1122 = DIRECTION ( 'NONE',  ( 1.000000000000000000, -0.0000000000000000000, -0.0000000000000000000 ) ) ;
#1123 = ORIENTED_EDGE ( 'NONE', *, *, #2081, .F. ) ;
#1124 = DIRECTION ( 'NONE',  ( -0.0000000000000000000, 0.0000000000000000000, 1.000000000000000000 ) ) ;
#1125 = ORIENTED_EDGE ( 'NONE', *, *, #798, .T. ) ;
#1126 = CARTESIAN_POINT ( 'NONE',  ( -0.6949999999999998400, -0.1650000000000000100, 0.0000000000000000000 ) ) ;
#1127 = VERTEX_POINT ( 'NONE', #1692 ) ;
#1128 = ADVANCED_FACE ( 'NONE', ( #3345 ), #2113, .T. ) ;
#1129 = FACE_OUTER_BOUND ( 'NONE', #1472, .T. ) ;
#1130 = CARTESIAN_POINT ( 'NONE',  ( 0.0000000000000000000, 0.0000000000000000000, 0.06250000000000000000 ) ) ;
#1131 = AXIS2_PLACEMENT_3D ( 'NONE', #1841, #530, #646 ) ;
#1132 = CIRCLE ( 'NONE', #2800, 0.02000000000000005900 ) ;
#1133 = DIRECTION ( 'NONE',  ( 5.154430176725024800E-016, -1.000000000000000000, -0.0000000000000000000 ) ) ;
#1134 = ORIENTED_EDGE ( 'NONE', *, *, #3291, .F. ) ;
#1135 = ORIENTED_EDGE ( 'NONE', *, *, #174, .T. ) ;
#1136 = CARTESIAN_POINT ( 'NONE',  ( -0.6950000000000000600, 0.3249999999999999600, -0.08999999999999999700 ) ) ;
#1137 = LINE ( 'NONE', #3311, #168 ) ;
#1138 = DIRECTION ( 'NONE',  ( 0.0000000000000000000, 0.0000000000000000000, -1.000000000000000000 ) ) ;
#1139 = EDGE_CURVE ( 'NONE', #2382, #255, #735, .T. ) ;
#1140 = CYLINDRICAL_SURFACE ( 'NONE', #3016, 0.02000000000000005900 ) ;
#1141 = EDGE_CURVE ( 'NONE', #3194, #2572, #93, .T. ) ;
#1142 = AXIS2_PLACEMENT_3D ( 'NONE', #937, #537, #1157 ) ;
#1143 = CARTESIAN_POINT ( 'NONE',  ( 0.8999999999999999100, -0.8999999999999999100, 0.0000000000000000000 ) ) ;
#1144 = FACE_OUTER_BOUND ( 'NONE', #2783, .T. ) ;
#1145 = ADVANCED_FACE ( 'NONE', ( #993 ), #872, .T. ) ;
#1146 = DIRECTION ( 'NONE',  ( -0.0000000000000000000, -0.0000000000000000000, -1.000000000000000000 ) ) ;
#1147 = DIRECTION ( 'NONE',  ( -1.000000000000000000, 0.0000000000000000000, 0.0000000000000000000 ) ) ;
#1148 = DIRECTION ( 'NONE',  ( 0.0000000000000000000, 0.0000000000000000000, 1.000000000000000000 ) ) ;
#1149 = AXIS2_PLACEMENT_3D ( 'NONE', #835, #1253, #2730 ) ;
#1150 = ORIENTED_EDGE ( 'NONE', *, *, #1482, .F. ) ;
#1151 = CARTESIAN_POINT ( 'NONE',  ( 0.8449999999999998600, 0.2199999999999999700, 0.0000000000000000000 ) ) ;
#1152 = DIRECTION ( 'NONE',  ( 0.0000000000000000000, 0.0000000000000000000, 1.000000000000000000 ) ) ;
#1153 = DIRECTION ( 'NONE',  ( -0.0000000000000000000, 1.000000000000000000, 0.0000000000000000000 ) ) ;
#1154 = VERTEX_POINT ( 'NONE', #2809 ) ;
#1155 = FACE_OUTER_BOUND ( 'NONE', #1837, .T. ) ;
#1156 = VERTEX_POINT ( 'NONE', #15 ) ;
#1157 = DIRECTION ( 'NONE',  ( -1.000000000000000000, 0.0000000000000000000, -0.0000000000000000000 ) ) ;
#1158 = CARTESIAN_POINT ( 'NONE',  ( -0.8449999999999999700, 0.4449999999999999500, 0.06250000000000000000 ) ) ;
#1159 = ORIENTED_EDGE ( 'NONE', *, *, #1736, .T. ) ;
#1160 = DIRECTION ( 'NONE',  ( 0.0000000000000000000, 0.0000000000000000000, 1.000000000000000000 ) ) ;
#1161 = DIRECTION ( 'NONE',  ( -1.000000000000000000, 0.0000000000000000000, 0.0000000000000000000 ) ) ;
#1162 = ADVANCED_FACE ( 'NONE', ( #1962 ), #559, .F. ) ;
#1163 = ORIENTED_EDGE ( 'NONE', *, *, #1863, .T. ) ;
#1164 = LINE ( 'NONE', #674, #1326 ) ;
#1165 = DIRECTION ( 'NONE',  ( 0.0000000000000000000, 0.0000000000000000000, -1.000000000000000000 ) ) ;
#1166 = VERTEX_POINT ( 'NONE', #686 ) ;
#1167 = DIRECTION ( 'NONE',  ( -0.0000000000000000000, 1.000000000000000000, -0.0000000000000000000 ) ) ;
#1168 = ORIENTED_EDGE ( 'NONE', *, *, #321, .F. ) ;
#1169 = ORIENTED_EDGE ( 'NONE', *, *, #1482, .T. ) ;
#1170 = CARTESIAN_POINT ( 'NONE',  ( 0.6550000000000001400, -0.2500000000000000600, 0.0000000000000000000 ) ) ;
#1171 = AXIS2_PLACEMENT_3D ( 'NONE', #165, #68, #347 ) ;
#1172 = DIRECTION ( 'NONE',  ( -0.0000000000000000000, -0.0000000000000000000, 1.000000000000000000 ) ) ;
#1173 = ORIENTED_EDGE ( 'NONE', *, *, #731, .T. ) ;
#1174 = CARTESIAN_POINT ( 'NONE',  ( -0.6299999999999997800, -0.02500000000000001500, -0.1399999999999999900 ) ) ;
#1175 = VECTOR ( 'NONE', #1943, 39.37007874015748100 ) ;
#1176 = DIRECTION ( 'NONE',  ( 1.000000000000000000, 0.0000000000000000000, 0.0000000000000000000 ) ) ;
#1177 = LINE ( 'NONE', #1630, #1994 ) ;
#1178 = ORIENTED_EDGE ( 'NONE', *, *, #2949, .F. ) ;
#1179 = DIRECTION ( 'NONE',  ( 1.000000000000000000, 0.0000000000000000000, 0.0000000000000000000 ) ) ;
#1180 = LINE ( 'NONE', #3290, #2144 ) ;
#1181 = CARTESIAN_POINT ( 'NONE',  ( -0.8449999999999996400, -0.2300000000000000100, 0.0000000000000000000 ) ) ;
#1182 = ORIENTED_EDGE ( 'NONE', *, *, #3168, .T. ) ;
#1183 = EDGE_CURVE ( 'NONE', #3035, #3024, #2447, .T. ) ;
#1184 = LINE ( 'NONE', #3286, #1066 ) ;
#1185 = VERTEX_POINT ( 'NONE', #1832 ) ;
#1186 = LINE ( 'NONE', #706, #1615 ) ;
#1187 = VERTEX_POINT ( 'NONE', #2495 ) ;
#1188 = CARTESIAN_POINT ( 'NONE',  ( -0.7749999999999999100, -0.8999999999999999100, 0.0000000000000000000 ) ) ;
#1189 = DIRECTION ( 'NONE',  ( -1.000000000000000000, 0.0000000000000000000, 0.0000000000000000000 ) ) ;
#1190 = AXIS2_PLACEMENT_3D ( 'NONE', #2354, #256, #1614 ) ;
#1191 = VECTOR ( 'NONE', #1673, 39.37007874015748100 ) ;
#1192 = ORIENTED_EDGE ( 'NONE', *, *, #3127, .F. ) ;
#1193 = DIRECTION ( 'NONE',  ( -0.0000000000000000000, 1.000000000000000000, -0.0000000000000000000 ) ) ;
#1194 = AXIS2_PLACEMENT_3D ( 'NONE', #2256, #2916, #3247 ) ;
#1195 = EDGE_CURVE ( 'NONE', #132, #2644, #1900, .T. ) ;
#1196 = EDGE_LOOP ( 'NONE', ( #1449, #1088, #3081, #1501, #211, #220, #2553, #1629 ) ) ;
#1197 = CARTESIAN_POINT ( 'NONE',  ( -0.6749999999999999300, 0.01499999999999997700, 0.06250000000000000000 ) ) ;
#1198 = DIRECTION ( 'NONE',  ( -5.154430176725025800E-016, -1.000000000000000000, 0.0000000000000000000 ) ) ;
#1199 = VERTEX_POINT ( 'NONE', #939 ) ;
#1200 = AXIS2_PLACEMENT_3D ( 'NONE', #1266, #1827, #2322 ) ;
#1201 = EDGE_CURVE ( 'NONE', #2540, #974, #276, .T. ) ;
#1202 = ORIENTED_EDGE ( 'NONE', *, *, #209, .F. ) ;
#1203 = DIRECTION ( 'NONE',  ( -0.0000000000000000000, -0.0000000000000000000, 1.000000000000000000 ) ) ;
#1204 = DIRECTION ( 'NONE',  ( 0.0000000000000000000, 0.0000000000000000000, -1.000000000000000000 ) ) ;
#1205 = ORIENTED_EDGE ( 'NONE', *, *, #586, .T. ) ;
#1206 = PLANE ( 'NONE',  #3383 ) ;
#1207 = ORIENTED_EDGE ( 'NONE', *, *, #1463, .T. ) ;
#1208 = AXIS2_PLACEMENT_3D ( 'NONE', #927, #1858, #3348 ) ;
#1209 = CARTESIAN_POINT ( 'NONE',  ( -0.8449999999999996400, -0.2500000000000000600, 0.06250000000000000000 ) ) ;
#1210 = CYLINDRICAL_SURFACE ( 'NONE', #177, 0.02000000000000005900 ) ;
#1211 = ORIENTED_EDGE ( 'NONE', *, *, #3393, .F. ) ;
#1212 = ADVANCED_FACE ( 'NONE', ( #3029 ), #909, .F. ) ;
#1213 = FACE_OUTER_BOUND ( 'NONE', #741, .T. ) ;
#1214 = CARTESIAN_POINT ( 'NONE',  ( -1.499999999999999800, -0.1250000000000000300, 0.0000000000000000000 ) ) ;
#1215 = DIRECTION ( 'NONE',  ( 0.0000000000000000000, 0.0000000000000000000, -1.000000000000000000 ) ) ;
#1216 = FACE_OUTER_BOUND ( 'NONE', #663, .T. ) ;
#1217 = EDGE_LOOP ( 'NONE', ( #2398, #3236, #1875, #1265, #736, #654, #2954, #55 ) ) ;
#1218 = EDGE_CURVE ( 'NONE', #3109, #372, #1947, .T. ) ;
#1219 = EDGE_CURVE ( 'NONE', #1951, #1512, #3402, .T. ) ;
#1220 = CARTESIAN_POINT ( 'NONE',  ( -0.8249999999999995100, -0.2300000000000000100, 0.0000000000000000000 ) ) ;
#1221 = ORIENTED_EDGE ( 'NONE', *, *, #3018, .T. ) ;
#1222 = DIRECTION ( 'NONE',  ( 0.0000000000000000000, 0.0000000000000000000, -1.000000000000000000 ) ) ;
#1223 = CARTESIAN_POINT ( 'NONE',  ( 0.7849999999999999200, 0.4049999999999999700, -0.08999999999999999700 ) ) ;
#1224 = FILL_AREA_STYLE_COLOUR ( '', #2408 ) ;
#1225 = EDGE_CURVE ( 'NONE', #3301, #3302, #1455, .T. ) ;
#1226 = CARTESIAN_POINT ( 'NONE',  ( -0.6950000000000000600, 0.3249999999999999600, -0.04000000000000000100 ) ) ;
#1227 = ORIENTED_EDGE ( 'NONE', *, *, #1554, .T. ) ;
#1228 = DIRECTION ( 'NONE',  ( -1.000000000000000000, 0.0000000000000000000, 0.0000000000000000000 ) ) ;
#1229 = DIRECTION ( 'NONE',  ( -0.0000000000000000000, -0.0000000000000000000, 1.000000000000000000 ) ) ;
#1230 = LINE ( 'NONE', #2261, #2788 ) ;
#1231 = VERTEX_POINT ( 'NONE', #3200 ) ;
#1232 = CARTESIAN_POINT ( 'NONE',  ( 0.6550000000000001400, 0.4449999999999999500, 0.0000000000000000000 ) ) ;
#1233 = ORIENTED_EDGE ( 'NONE', *, *, #725, .T. ) ;
#1234 = CIRCLE ( 'NONE', #2499, 0.02000000000000005900 ) ;
#1235 = ORIENTED_EDGE ( 'NONE', *, *, #3394, .T. ) ;
#1236 = ADVANCED_FACE ( 'NONE', ( #2003 ), #3318, .F. ) ;
#1237 = FACE_BOUND ( 'NONE', #3256, .T. ) ;
#1238 = PLANE ( 'NONE',  #2508 ) ;
#1239 = ORIENTED_EDGE ( 'NONE', *, *, #1513, .T. ) ;
#1240 = AXIS2_PLACEMENT_3D ( 'NONE', #2831, #1661, #2864 ) ;
#1241 = ORIENTED_EDGE ( 'NONE', *, *, #592, .F. ) ;
#1242 = DIRECTION ( 'NONE',  ( -1.000000000000000000, 0.0000000000000000000, 0.0000000000000000000 ) ) ;
#1243 = EDGE_CURVE ( 'NONE', #1394, #2909, #1137, .T. ) ;
#1244 = EDGE_LOOP ( 'NONE', ( #2463, #760, #1938, #661 ) ) ;
#1245 = PLANE ( 'NONE',  #702 ) ;
#1246 = FACE_OUTER_BOUND ( 'NONE', #985, .T. ) ;
#1247 = CARTESIAN_POINT ( 'NONE',  ( -0.6550000000000000300, -0.2300000000000000100, 0.0000000000000000000 ) ) ;
#1248 = CARTESIAN_POINT ( 'NONE',  ( -0.7749999999999999100, 0.8999999999999999100, 0.06250000000000000000 ) ) ;
#1249 = EDGE_LOOP ( 'NONE', ( #3355, #1032, #1641, #242 ) ) ;
#1250 = LINE ( 'NONE', #983, #2341 ) ;
#1251 = ORIENTED_EDGE ( 'NONE', *, *, #2197, .F. ) ;
#1252 = DIRECTION ( 'NONE',  ( -7.114187483500688500E-017, 0.0000000000000000000, 1.000000000000000000 ) ) ;
#1253 = DIRECTION ( 'NONE',  ( 0.0000000000000000000, 0.0000000000000000000, 1.000000000000000000 ) ) ;
#1254 = VERTEX_POINT ( 'NONE', #2436 ) ;
#1255 = AXIS2_PLACEMENT_3D ( 'NONE', #3252, #863, #2918 ) ;
#1256 = DIRECTION ( 'NONE',  ( -0.0000000000000000000, -0.0000000000000000000, 1.000000000000000000 ) ) ;
#1257 = ORIENTED_EDGE ( 'NONE', *, *, #1506, .F. ) ;
#1258 = CARTESIAN_POINT ( 'NONE',  ( -0.8449999999999997500, -0.005000000000000049500, 0.06250000000000000000 ) ) ;
#1259 = ORIENTED_EDGE ( 'NONE', *, *, #1997, .F. ) ;
#1260 = PLANE ( 'NONE',  #2440 ) ;
#1261 = DIRECTION ( 'NONE',  ( 1.000000000000000000, 0.0000000000000000000, 0.0000000000000000000 ) ) ;
#1262 = FACE_OUTER_BOUND ( 'NONE', #884, .T. ) ;
#1263 = DIRECTION ( 'NONE',  ( 1.000000000000000000, 0.0000000000000000000, 0.0000000000000000000 ) ) ;
#1264 = VECTOR ( 'NONE', #1972, 39.37007874015748100 ) ;
#1265 = ORIENTED_EDGE ( 'NONE', *, *, #1680, .F. ) ;
#1266 = CARTESIAN_POINT ( 'NONE',  ( 0.7749999999999999100, -0.7749999999999999100, 0.06250000000000000000 ) ) ;
#1267 = VECTOR ( 'NONE', #2665, 39.37007874015748100 ) ;
#1268 = VERTEX_POINT ( 'NONE', #2998 ) ;
#1269 = VECTOR ( 'NONE', #3319, 39.37007874015748100 ) ;
#1270 = EDGE_CURVE ( 'NONE', #1577, #613, #2270, .T. ) ;
#1271 = CARTESIAN_POINT ( 'NONE',  ( -0.6950000000000000600, 0.4049999999999999700, 0.06250000000000000000 ) ) ;
#1272 = AXIS2_PLACEMENT_3D ( 'NONE', #901, #2249, #1147 ) ;
#1273 = VECTOR ( 'NONE', #2043, 39.37007874015748100 ) ;
#1274 = ORIENTED_EDGE ( 'NONE', *, *, #16, .F. ) ;
#1275 = EDGE_CURVE ( 'NONE', #163, #3321, #1896, .T. ) ;
#1276 = CARTESIAN_POINT ( 'NONE',  ( 0.8050000000000000500, 0.3249999999999999600, -0.08999999999999999700 ) ) ;
#1277 = CARTESIAN_POINT ( 'NONE',  ( -0.8449999999999999700, 0.4449999999999999500, 0.0000000000000000000 ) ) ;
#1278 = VERTEX_POINT ( 'NONE', #911 ) ;
#1279 = DIRECTION ( 'NONE',  ( 0.0000000000000000000, 0.0000000000000000000, -1.000000000000000000 ) ) ;
#1280 = AXIS2_PLACEMENT_3D ( 'NONE', #2316, #1874, #2706 ) ;
#1281 = DIRECTION ( 'NONE',  ( 5.154430176725025800E-016, 1.000000000000000000, 0.0000000000000000000 ) ) ;
#1282 = VERTEX_POINT ( 'NONE', #968 ) ;
#1283 = EDGE_CURVE ( 'NONE', #844, #429, #1132, .T. ) ;
#1284 = VERTEX_POINT ( 'NONE', #833 ) ;
#1285 = CARTESIAN_POINT ( 'NONE',  ( 0.8049999999999998300, -0.02500000000000000500, 0.06250000000000000000 ) ) ;
#1286 = LINE ( 'NONE', #328, #813 ) ;
#1287 = VECTOR ( 'NONE', #2142, 39.37007874015748100 ) ;
#1288 = CARTESIAN_POINT ( 'NONE',  ( -0.8699999999999997700, -0.1250000000000000300, -0.09000000000000001100 ) ) ;
#1289 = CIRCLE ( 'NONE', #2597, 0.02000000000000005900 ) ;
#1290 = LINE ( 'NONE', #20, #2051 ) ;
#1291 = VERTEX_POINT ( 'NONE', #1645 ) ;
#1292 = DIRECTION ( 'NONE',  ( -1.000000000000000000, 0.0000000000000000000, 0.0000000000000000000 ) ) ;
#1293 = LINE ( 'NONE', #2000, #685 ) ;
#1294 = ORIENTED_EDGE ( 'NONE', *, *, #404, .T. ) ;
#1295 = DIRECTION ( 'NONE',  ( 0.0000000000000000000, 0.0000000000000000000, 1.000000000000000000 ) ) ;
#1296 = DIRECTION ( 'NONE',  ( -0.0000000000000000000, 1.000000000000000000, -0.0000000000000000000 ) ) ;
#1297 = VECTOR ( 'NONE', #1229, 39.37007874015748100 ) ;
#1298 = EDGE_LOOP ( 'NONE', ( #3008, #2883, #2561, #765, #3131 ) ) ;
#1299 = EDGE_CURVE ( 'NONE', #1901, #529, #1396, .T. ) ;
#1300 = CARTESIAN_POINT ( 'NONE',  ( 0.6950000000000000600, 0.2849999999999999800, -0.04000000000000000100 ) ) ;
#1301 = VECTOR ( 'NONE', #752, 39.37007874015748100 ) ;
#1302 = ORIENTED_EDGE ( 'NONE', *, *, #2177, .F. ) ;
#1303 = AXIS2_PLACEMENT_3D ( 'NONE', #984, #2412, #673 ) ;
#1304 = LINE ( 'NONE', #456, #2985 ) ;
#1305 = ORIENTED_EDGE ( 'NONE', *, *, #2454, .F. ) ;
#1306 = ORIENTED_EDGE ( 'NONE', *, *, #2635, .F. ) ;
#1307 = VECTOR ( 'NONE', #2517, 39.37007874015748100 ) ;
#1308 = DIRECTION ( 'NONE',  ( -1.000000000000000000, 0.0000000000000000000, 0.0000000000000000000 ) ) ;
#1309 = CARTESIAN_POINT ( 'NONE',  ( 0.8050000000000000500, 0.4049999999999999700, -0.08999999999999999700 ) ) ;
#1310 = AXIS2_PLACEMENT_3D ( 'NONE', #3316, #184, #2876 ) ;
#1311 = VECTOR ( 'NONE', #246, 39.37007874015748100 ) ;
#1312 = CARTESIAN_POINT ( 'NONE',  ( -0.8700000000000000000, 0.4249999999999999900, -0.09000000000000001100 ) ) ;
#1313 = VERTEX_POINT ( 'NONE', #2885 ) ;
#1314 = PLANE ( 'NONE',  #379 ) ;
#1315 = CARTESIAN_POINT ( 'NONE',  ( 0.6950000000000000600, 0.4049999999999999700, -0.09000000000000001100 ) ) ;
#1316 = AXIS2_PLACEMENT_3D ( 'NONE', #26, #2624, #187 ) ;
#1317 = VERTEX_POINT ( 'NONE', #3276 ) ;
#1318 = EDGE_CURVE ( 'NONE', #2716, #1409, #2032, .T. ) ;
#1319 = PLANE ( 'NONE',  #2103 ) ;
#1320 = ORIENTED_EDGE ( 'NONE', *, *, #3073, .T. ) ;
#1321 = CARTESIAN_POINT ( 'NONE',  ( 0.6550000000000002500, 0.2199999999999999700, 0.0000000000000000000 ) ) ;
#1322 = CARTESIAN_POINT ( 'NONE',  ( -0.7849999999999999200, 0.4049999999999999700, 0.06250000000000000000 ) ) ;
#1323 = CYLINDRICAL_SURFACE ( 'NONE', #485, 0.04000000000000000100 ) ;
#1324 = EDGE_LOOP ( 'NONE', ( #1906, #2772, #1891, #534 ) ) ;
#1325 = DIRECTION ( 'NONE',  ( 0.0000000000000000000, 0.0000000000000000000, -1.000000000000000000 ) ) ;
#1326 = VECTOR ( 'NONE', #2700, 39.37007874015748100 ) ;
#1327 = VERTEX_POINT ( 'NONE', #2300 ) ;
#1328 = ORIENTED_EDGE ( 'NONE', *, *, #3072, .F. ) ;
#1329 = CARTESIAN_POINT ( 'NONE',  ( 0.8249999999999998400, 0.2199999999999999700, 0.06250000000000000000 ) ) ;
#1330 = CIRCLE ( 'NONE', #2061, 0.02000000000000005900 ) ;
#1331 = DIRECTION ( 'NONE',  ( 0.0000000000000000000, -1.000000000000000000, 0.0000000000000000000 ) ) ;
#1332 = FACE_OUTER_BOUND ( 'NONE', #2442, .T. ) ;
#1333 = CARTESIAN_POINT ( 'NONE',  ( -0.8050000000000000500, 0.4049999999999999700, 0.06250000000000000000 ) ) ;
#1334 = EDGE_CURVE ( 'NONE', #127, #3050, #2840, .T. ) ;
#1335 = AXIS2_PLACEMENT_3D ( 'NONE', #561, #806, #243 ) ;
#1336 = VERTEX_POINT ( 'NONE', #1686 ) ;
#1337 = EDGE_CURVE ( 'NONE', #1814, #1409, #1180, .T. ) ;
#1338 = CARTESIAN_POINT ( 'NONE',  ( 0.7849999999999998100, -0.02500000000000001500, 0.0000000000000000000 ) ) ;
#1339 = CARTESIAN_POINT ( 'NONE',  ( -0.6950000000000000600, 0.2849999999999999800, 0.0000000000000000000 ) ) ;
#1340 = ORIENTED_EDGE ( 'NONE', *, *, #1584, .T. ) ;
#1341 = CARTESIAN_POINT ( 'NONE',  ( -0.7749999999999999100, 0.7750000000000000200, 0.06250000000000000000 ) ) ;
#1342 = DIRECTION ( 'NONE',  ( -1.000000000000000000, -0.0000000000000000000, 0.0000000000000000000 ) ) ;
#1343 = EDGE_CURVE ( 'NONE', #2719, #3274, #235, .T. ) ;
#1344 = CONICAL_SURFACE ( 'NONE', #2643, 0.1000000000000004400, 0.7853981633974422800 ) ;
#1345 = DIRECTION ( 'NONE',  ( -1.000000000000000000, 0.0000000000000000000, 0.0000000000000000000 ) ) ;
#1346 = VERTEX_POINT ( 'NONE', #1777 ) ;
#1347 = PRESENTATION_STYLE_ASSIGNMENT (( #2049 ) ) ;
#1348 = DIRECTION ( 'NONE',  ( 0.0000000000000000000, 0.0000000000000000000, -1.000000000000000000 ) ) ;
#1349 = ORIENTED_EDGE ( 'NONE', *, *, #724, .F. ) ;
#1350 = CARTESIAN_POINT ( 'NONE',  ( -0.8049999999999997200, -0.1650000000000000100, -0.04000000000000000100 ) ) ;
#1351 = ORIENTED_EDGE ( 'NONE', *, *, #2971, .T. ) ;
#1352 = CARTESIAN_POINT ( 'NONE',  ( 0.8449999999999998600, -0.005000000000000014800, 0.06250000000000000000 ) ) ;
#1353 = DIRECTION ( 'NONE',  ( 0.0000000000000000000, 0.0000000000000000000, -1.000000000000000000 ) ) ;
#1354 = DIRECTION ( 'NONE',  ( 1.000000000000000000, 0.0000000000000000000, -0.0000000000000000000 ) ) ;
#1355 = ORIENTED_EDGE ( 'NONE', *, *, #3217, .T. ) ;
#1356 = CARTESIAN_POINT ( 'NONE',  ( 0.7149999999999999700, -0.02500000000000001500, -0.09000000000000001100 ) ) ;
#1357 = AXIS2_PLACEMENT_3D ( 'NONE', #665, #270, #1969 ) ;
#1358 = ORIENTED_EDGE ( 'NONE', *, *, #2816, .F. ) ;
#1359 = VECTOR ( 'NONE', #1988, 39.37007874015748100 ) ;
#1360 = EDGE_CURVE ( 'NONE', #3302, #2370, #1, .T. ) ;
#1361 = DIRECTION ( 'NONE',  ( 0.0000000000000000000, 0.0000000000000000000, -1.000000000000000000 ) ) ;
#1362 = DIRECTION ( 'NONE',  ( -1.000000000000000000, 0.0000000000000000000, 0.0000000000000000000 ) ) ;
#1363 = ORIENTED_EDGE ( 'NONE', *, *, #1497, .F. ) ;
#1364 = CONICAL_SURFACE ( 'NONE', #829, 0.1000000000000004400, 0.7853981633974422800 ) ;
#1365 = ORIENTED_EDGE ( 'NONE', *, *, #2949, .T. ) ;
#1366 = CARTESIAN_POINT ( 'NONE',  ( -0.8699999999999997700, -0.1250000000000000300, -0.09000000000000001100 ) ) ;
#1367 = DIRECTION ( 'NONE',  ( 0.0000000000000000000, -0.0000000000000000000, 1.000000000000000000 ) ) ;
#1368 = VECTOR ( 'NONE', #1872, 39.37007874015748900 ) ;
#1369 = EDGE_CURVE ( 'NONE', #2640, #974, #2944, .T. ) ;
#1370 = ORIENTED_EDGE ( 'NONE', *, *, #499, .T. ) ;
#1371 = CIRCLE ( 'NONE', #854, 0.1250000000000000300 ) ;
#1372 = DIRECTION ( 'NONE',  ( -5.154430176725025800E-016, -1.000000000000000000, 0.0000000000000000000 ) ) ;
#1373 = CARTESIAN_POINT ( 'NONE',  ( 0.8699999999999998800, -0.1250000000000000300, -0.08999999999999999700 ) ) ;
#1374 = ORIENTED_EDGE ( 'NONE', *, *, #2628, .F. ) ;
#1375 = AXIS2_PLACEMENT_3D ( 'NONE', #433, #1929, #3080 ) ;
#1376 = CARTESIAN_POINT ( 'NONE',  ( 0.7849999999999999200, 0.4049999999999999700, 0.06250000000000000000 ) ) ;
#1377 = VECTOR ( 'NONE', #1167, 39.37007874015748100 ) ;
#1378 = ORIENTED_EDGE ( 'NONE', *, *, #1811, .F. ) ;
#1379 = EDGE_CURVE ( 'NONE', #671, #3268, #7, .T. ) ;
#1380 = FACE_OUTER_BOUND ( 'NONE', #3358, .T. ) ;
#1381 = ORIENTED_EDGE ( 'NONE', *, *, #1763, .F. ) ;
#1382 = LINE ( 'NONE', #1521, #371 ) ;
#1383 = EDGE_CURVE ( 'NONE', #1127, #1790, #1864, .T. ) ;
#1384 = VERTEX_POINT ( 'NONE', #3304 ) ;
#1385 = CARTESIAN_POINT ( 'NONE',  ( 0.7750000000000000200, 0.8999999999999999100, 0.06250000000000000000 ) ) ;
#1386 = LINE ( 'NONE', #3061, #3397 ) ;
#1387 = VERTEX_POINT ( 'NONE', #923 ) ;
#1388 = ORIENTED_EDGE ( 'NONE', *, *, #2247, .F. ) ;
#1389 = DIRECTION ( 'NONE',  ( -1.000000000000000000, 0.0000000000000000000, 0.0000000000000000000 ) ) ;
#1390 = FACE_OUTER_BOUND ( 'NONE', #2331, .T. ) ;
#1391 = ORIENTED_EDGE ( 'NONE', *, *, #171, .F. ) ;
#1392 = CARTESIAN_POINT ( 'NONE',  ( 0.8750000000000003300, -0.7749999999999999100, 0.06250000000000000000 ) ) ;
#1393 = LINE ( 'NONE', #3374, #773 ) ;
#1394 = VERTEX_POINT ( 'NONE', #1601 ) ;
#1395 = CARTESIAN_POINT ( 'NONE',  ( -0.6749999999999997100, -0.2500000000000000000, 0.0000000000000000000 ) ) ;
#1396 = CIRCLE ( 'NONE', #2619, 0.02000000000000005900 ) ;
#1397 = AXIS2_PLACEMENT_3D ( 'NONE', #977, #3220, #306 ) ;
#1398 = CARTESIAN_POINT ( 'NONE',  ( -0.6300000000000001200, 0.3249999999999999600, -0.08999999999999999700 ) ) ;
#1399 = ORIENTED_EDGE ( 'NONE', *, *, #2682, .T. ) ;
#1400 = FACE_BOUND ( 'NONE', #1658, .T. ) ;
#1401 = DIRECTION ( 'NONE',  ( 1.000000000000000000, 0.0000000000000000000, -0.0000000000000000000 ) ) ;
#1402 = DIRECTION ( 'NONE',  ( -1.000000000000000000, 0.0000000000000000000, 0.0000000000000000000 ) ) ;
#1403 = LINE ( 'NONE', #712, #669 ) ;
#1404 = ORIENTED_EDGE ( 'NONE', *, *, #2324, .F. ) ;
#1405 = ADVANCED_FACE ( 'NONE', ( #1118 ), #1706, .F. ) ;
#1406 = EDGE_CURVE ( 'NONE', #2370, #981, #3115, .T. ) ;
#1407 = CARTESIAN_POINT ( 'NONE',  ( -0.6750000000000001600, 0.4649999999999999700, 0.06250000000000000000 ) ) ;
#1408 = EDGE_CURVE ( 'NONE', #1278, #3194, #198, .T. ) ;
#1409 = VERTEX_POINT ( 'NONE', #1530 ) ;
#1410 = DIRECTION ( 'NONE',  ( -1.000000000000000000, 0.0000000000000000000, -0.0000000000000000000 ) ) ;
#1411 = DIRECTION ( 'NONE',  ( 0.7071067811865514600, 0.0000000000000000000, -0.7071067811865436900 ) ) ;
#1412 = VERTEX_POINT ( 'NONE', #2901 ) ;
#1413 = DIRECTION ( 'NONE',  ( 0.0000000000000000000, 0.0000000000000000000, -1.000000000000000000 ) ) ;
#1414 = CARTESIAN_POINT ( 'NONE',  ( -0.6750000000000000400, -0.2300000000000000100, 0.06250000000000000000 ) ) ;
#1415 = CIRCLE ( 'NONE', #1112, 0.02000000000000005900 ) ;
#1416 = VERTEX_POINT ( 'NONE', #636 ) ;
#1417 = CIRCLE ( 'NONE', #1255, 0.02000000000000005900 ) ;
#1418 = ORIENTED_EDGE ( 'NONE', *, *, #1201, .T. ) ;
#1419 = DIRECTION ( 'NONE',  ( 0.0000000000000000000, 0.0000000000000000000, -1.000000000000000000 ) ) ;
#1420 = VECTOR ( 'NONE', #641, 39.37007874015748100 ) ;
#1421 = ORIENTED_EDGE ( 'NONE', *, *, #2764, .T. ) ;
#1422 = CARTESIAN_POINT ( 'NONE',  ( -0.8049999999999997200, -0.2300000000000000400, -0.09000000000000001100 ) ) ;
#1423 = EDGE_CURVE ( 'NONE', #274, #22, #1425, .T. ) ;
#1424 = CARTESIAN_POINT ( 'NONE',  ( 0.6750000000000002700, 0.2199999999999999700, 0.06250000000000000000 ) ) ;
#1425 = LINE ( 'NONE', #1339, #138 ) ;
#1426 = VERTEX_POINT ( 'NONE', #1961 ) ;
#1427 = DIRECTION ( 'NONE',  ( 0.0000000000000000000, 0.0000000000000000000, -1.000000000000000000 ) ) ;
#1428 = DIRECTION ( 'NONE',  ( 0.0000000000000000000, -0.0000000000000000000, -1.000000000000000000 ) ) ;
#1429 =( CONVERSION_BASED_UNIT ( 'INCH', #3228 ) LENGTH_UNIT ( ) NAMED_UNIT ( #2401 ) );
#1430 = ORIENTED_EDGE ( 'NONE', *, *, #1573, .T. ) ;
#1431 = CARTESIAN_POINT ( 'NONE',  ( -0.7749999999999999100, 0.7750000000000000200, 0.0000000000000000000 ) ) ;
#1432 = ORIENTED_EDGE ( 'NONE', *, *, #2816, .T. ) ;
#1433 = LINE ( 'NONE', #2091, #2484 ) ;
#1434 = ORIENTED_EDGE ( 'NONE', *, *, #891, .F. ) ;
#1435 = EDGE_CURVE ( 'NONE', #1456, #846, #795, .T. ) ;
#1436 = FACE_OUTER_BOUND ( 'NONE', #1944, .T. ) ;
#1437 = DIRECTION ( 'NONE',  ( -1.000000000000000000, 0.0000000000000000000, 0.0000000000000000000 ) ) ;
#1438 = VERTEX_POINT ( 'NONE', #1271 ) ;
#1439 = DIRECTION ( 'NONE',  ( 0.0000000000000000000, -0.0000000000000000000, 1.000000000000000000 ) ) ;
#1440 = CARTESIAN_POINT ( 'NONE',  ( -0.6750000000000000400, 0.2199999999999999700, 0.0000000000000000000 ) ) ;
#1441 = DIRECTION ( 'NONE',  ( 0.0000000000000000000, -1.000000000000000000, 0.0000000000000000000 ) ) ;
#1442 = CARTESIAN_POINT ( 'NONE',  ( 0.8700000000000000000, 0.4249999999999999900, -0.08999999999999999700 ) ) ;
#1443 = CARTESIAN_POINT ( 'NONE',  ( 0.6949999999999999500, -0.1650000000000000100, 0.0000000000000000000 ) ) ;
#1444 = EDGE_LOOP ( 'NONE', ( #962, #1095, #1616, #2525, #1534, #2812, #2709 ) ) ;
#1445 = CONICAL_SURFACE ( 'NONE', #1013, 0.1000000000000004400, 0.7853981633974422800 ) ;
#1446 = AXIS2_PLACEMENT_3D ( 'NONE', #1662, #3136, #1204 ) ;
#1447 = CARTESIAN_POINT ( 'NONE',  ( 0.6750000000000001600, -0.2500000000000000000, 0.06250000000000000000 ) ) ;
#1448 = LINE ( 'NONE', #3116, #1051 ) ;
#1449 = ORIENTED_EDGE ( 'NONE', *, *, #2714, .T. ) ;
#1450 = AXIS2_PLACEMENT_3D ( 'NONE', #213, #1011, #1532 ) ;
#1451 = CYLINDRICAL_SURFACE ( 'NONE', #1149, 0.02000000000000005900 ) ;
#1452 = VERTEX_POINT ( 'NONE', #29 ) ;
#1453 = EDGE_CURVE ( 'NONE', #1268, #114, #295, .T. ) ;
#1454 = DIRECTION ( 'NONE',  ( -1.000000000000000000, 0.0000000000000000000, 0.0000000000000000000 ) ) ;
#1455 = LINE ( 'NONE', #711, #910 ) ;
#1456 = VERTEX_POINT ( 'NONE', #1188 ) ;
#1457 = CARTESIAN_POINT ( 'NONE',  ( -0.6300000000000001200, 0.3249999999999999600, -0.1399999999999999900 ) ) ;
#1458 = DIRECTION ( 'NONE',  ( -1.000000000000000000, -0.0000000000000000000, -0.0000000000000000000 ) ) ;
#1459 = VECTOR ( 'NONE', #3237, 39.37007874015748100 ) ;
#1460 = VERTEX_POINT ( 'NONE', #2750 ) ;
#1461 = PLANE ( 'NONE',  #2428 ) ;
#1462 = VECTOR ( 'NONE', #179, 39.37007874015748100 ) ;
#1463 = EDGE_CURVE ( 'NONE', #2579, #2921, #3138, .T. ) ;
#1464 = PLANE ( 'NONE',  #1722 ) ;
#1465 = ORIENTED_EDGE ( 'NONE', *, *, #2222, .T. ) ;
#1466 = LINE ( 'NONE', #414, #2488 ) ;
#1467 = ORIENTED_EDGE ( 'NONE', *, *, #2130, .T. ) ;
#1468 = EDGE_CURVE ( 'NONE', #3340, #3218, #40, .T. ) ;
#1469 = CARTESIAN_POINT ( 'NONE',  ( -0.6550000000000000300, -0.2300000000000000100, 0.06250000000000000000 ) ) ;
#1470 = CARTESIAN_POINT ( 'NONE',  ( 0.6300000000000001200, 0.3249999999999999600, -0.09000000000000001100 ) ) ;
#1471 = AXIS2_PLACEMENT_3D ( 'NONE', #496, #1913, #1198 ) ;
#1472 = EDGE_LOOP ( 'NONE', ( #1886, #1515, #1766, #1349 ) ) ;
#1473 = FACE_OUTER_BOUND ( 'NONE', #2801, .T. ) ;
#1474 = VERTEX_POINT ( 'NONE', #2514 ) ;
#1475 = CARTESIAN_POINT ( 'NONE',  ( -0.7749999999999999100, -0.7749999999999999100, 0.06250000000000000000 ) ) ;
#1476 = CARTESIAN_POINT ( 'NONE',  ( 0.7150000000000001900, 0.4249999999999999900, -0.09000000000000001100 ) ) ;
#1477 = ORIENTED_EDGE ( 'NONE', *, *, #721, .F. ) ;
#1478 = LINE ( 'NONE', #2590, #1080 ) ;
#1479 = LINE ( 'NONE', #1564, #3370 ) ;
#1480 = ORIENTED_EDGE ( 'NONE', *, *, #2838, .F. ) ;
#1481 = EDGE_CURVE ( 'NONE', #1730, #2215, #385, .T. ) ;
#1482 = EDGE_CURVE ( 'NONE', #1809, #2875, #1093, .T. ) ;
#1483 = CARTESIAN_POINT ( 'NONE',  ( 0.6950000000000000600, 0.2199999999999999500, 0.06250000000000000000 ) ) ;
#1484 = VECTOR ( 'NONE', #2223, 39.37007874015748100 ) ;
#1485 = CARTESIAN_POINT ( 'NONE',  ( 0.8050000000000000500, 0.4249999999999999900, 0.06250000000000000000 ) ) ;
#1486 = ORIENTED_EDGE ( 'NONE', *, *, #3005, .T. ) ;
#1487 = DIRECTION ( 'NONE',  ( -0.0000000000000000000, -0.0000000000000000000, -1.000000000000000000 ) ) ;
#1488 = FACE_OUTER_BOUND ( 'NONE', #425, .T. ) ;
#1489 = PLANE ( 'NONE',  #1357 ) ;
#1490 = ORIENTED_EDGE ( 'NONE', *, *, #890, .T. ) ;
#1491 = LINE ( 'NONE', #2414, #2607 ) ;
#1492 = LINE ( 'NONE', #870, #1797 ) ;
#1493 = ORIENTED_EDGE ( 'NONE', *, *, #2792, .F. ) ;
#1494 = AXIS2_PLACEMENT_3D ( 'NONE', #2733, #1702, #2427 ) ;
#1495 = FACE_OUTER_BOUND ( 'NONE', #2917, .T. ) ;
#1496 = ORIENTED_EDGE ( 'NONE', *, *, #2610, .T. ) ;
#1497 = EDGE_CURVE ( 'NONE', #2833, #3035, #2147, .T. ) ;
#1498 = DIRECTION ( 'NONE',  ( -1.000000000000000000, 0.0000000000000000000, 0.0000000000000000000 ) ) ;
#1499 = VERTEX_POINT ( 'NONE', #1447 ) ;
#1500 = CIRCLE ( 'NONE', #1617, 0.02000000000000005900 ) ;
#1501 = ORIENTED_EDGE ( 'NONE', *, *, #3078, .T. ) ;
#1502 = VECTOR ( 'NONE', #1099, 39.37007874015748100 ) ;
#1503 = EDGE_LOOP ( 'NONE', ( #688, #3156, #2686, #2673 ) ) ;
#1504 = CARTESIAN_POINT ( 'NONE',  ( -0.8249999999999996200, -0.005000000000000023500, 0.0000000000000000000 ) ) ;
#1505 = CIRCLE ( 'NONE', #750, 0.02000000000000005900 ) ;
#1506 = EDGE_CURVE ( 'NONE', #1992, #137, #3055, .T. ) ;
#1507 = ORIENTED_EDGE ( 'NONE', *, *, #2418, .F. ) ;
#1508 = DIRECTION ( 'NONE',  ( -0.0000000000000000000, 1.000000000000000000, 0.0000000000000000000 ) ) ;
#1509 = DIRECTION ( 'NONE',  ( -0.0000000000000000000, -0.0000000000000000000, 1.000000000000000000 ) ) ;
#1510 = PLANE ( 'NONE',  #2645 ) ;
#1511 = FACE_OUTER_BOUND ( 'NONE', #1444, .T. ) ;
#1512 = VERTEX_POINT ( 'NONE', #738 ) ;
#1513 = EDGE_CURVE ( 'NONE', #133, #1560, #2920, .T. ) ;
#1514 = FACE_OUTER_BOUND ( 'NONE', #2267, .T. ) ;
#1515 = ORIENTED_EDGE ( 'NONE', *, *, #3032, .T. ) ;
#1516 = ORIENTED_EDGE ( 'NONE', *, *, #943, .F. ) ;
#1517 = CARTESIAN_POINT ( 'NONE',  ( -0.8999999999999999100, -0.8999999999999999100, 0.06250000000000000000 ) ) ;
#1518 = DIRECTION ( 'NONE',  ( -1.000000000000000000, 0.0000000000000000000, 0.0000000000000000000 ) ) ;
#1519 = DIRECTION ( 'NONE',  ( 0.0000000000000000000, 0.0000000000000000000, -1.000000000000000000 ) ) ;
#1520 = VECTOR ( 'NONE', #2268, 39.37007874015748100 ) ;
#1521 = CARTESIAN_POINT ( 'NONE',  ( 0.8449999999999997500, -0.2300000000000000100, 0.06250000000000000000 ) ) ;
#1522 = EDGE_CURVE ( 'NONE', #3399, #1000, #364, .T. ) ;
#1523 = CARTESIAN_POINT ( 'NONE',  ( -0.6949999999999998400, -0.1650000000000000100, -0.04000000000000000100 ) ) ;
#1524 = ORIENTED_EDGE ( 'NONE', *, *, #3078, .F. ) ;
#1525 = DIRECTION ( 'NONE',  ( 0.0000000000000000000, 0.0000000000000000000, -1.000000000000000000 ) ) ;
#1526 = EDGE_CURVE ( 'NONE', #1254, #3321, #1491, .T. ) ;
#1527 = VERTEX_POINT ( 'NONE', #2345 ) ;
#1528 = CARTESIAN_POINT ( 'NONE',  ( -0.8049999999999997200, -0.04500000000000001200, 0.06250000000000000000 ) ) ;
#1529 = PLANE ( 'NONE',  #1744 ) ;
#1530 = CARTESIAN_POINT ( 'NONE',  ( 0.6949999999999999500, -0.04500000000000001200, -0.09000000000000001100 ) ) ;
#1531 = CARTESIAN_POINT ( 'NONE',  ( -0.8250000000000000700, 0.2199999999999999500, 0.06250000000000000000 ) ) ;
#1532 = DIRECTION ( 'NONE',  ( -1.000000000000000000, 0.0000000000000000000, 0.0000000000000000000 ) ) ;
#1533 = LINE ( 'NONE', #2556, #3362 ) ;
#1534 = ORIENTED_EDGE ( 'NONE', *, *, #2537, .T. ) ;
#1535 = CARTESIAN_POINT ( 'NONE',  ( 0.8049999999999998300, -0.1650000000000000100, 0.0000000000000000000 ) ) ;
#1536 = FACE_OUTER_BOUND ( 'NONE', #169, .T. ) ;
#1537 = DIRECTION ( 'NONE',  ( -1.000000000000000000, 0.0000000000000000000, 0.0000000000000000000 ) ) ;
#1538 = ORIENTED_EDGE ( 'NONE', *, *, #3405, .F. ) ;
#1539 = CARTESIAN_POINT ( 'NONE',  ( -0.6750000000000000400, -0.2300000000000000100, 0.0000000000000000000 ) ) ;
#1540 = LINE ( 'NONE', #1309, #827 ) ;
#1541 = MECHANICAL_DESIGN_GEOMETRIC_PRESENTATION_REPRESENTATION (  '', ( #2532 ), #408 ) ;
#1542 = DIRECTION ( 'NONE',  ( -0.0000000000000000000, 1.000000000000000000, -0.0000000000000000000 ) ) ;
#1543 = ORIENTED_EDGE ( 'NONE', *, *, #1343, .F. ) ;
#1544 = VERTEX_POINT ( 'NONE', #2652 ) ;
#1545 = CARTESIAN_POINT ( 'NONE',  ( 0.8249999999999998400, 0.01499999999999997700, 0.06250000000000000000 ) ) ;
#1546 = AXIS2_PLACEMENT_3D ( 'NONE', #1767, #3188, #3271 ) ;
#1547 = ORIENTED_EDGE ( 'NONE', *, *, #2140, .F. ) ;
#1548 = DIRECTION ( 'NONE',  ( 5.154430176725024800E-016, -1.000000000000000000, -0.0000000000000000000 ) ) ;
#1549 = CARTESIAN_POINT ( 'NONE',  ( 0.8050000000000000500, 0.2199999999999999700, 0.06250000000000000000 ) ) ;
#1550 = CARTESIAN_POINT ( 'NONE',  ( -0.8699999999999997700, -0.02500000000000001500, -0.1400000000000000100 ) ) ;
#1551 = ORIENTED_EDGE ( 'NONE', *, *, #3349, .F. ) ;
#1552 = VECTOR ( 'NONE', #2460, 39.37007874015748100 ) ;
#1553 = ORIENTED_EDGE ( 'NONE', *, *, #156, .T. ) ;
#1554 = EDGE_CURVE ( 'NONE', #1085, #1268, #947, .T. ) ;
#1555 = DIRECTION ( 'NONE',  ( -0.0000000000000000000, -0.0000000000000000000, 1.000000000000000000 ) ) ;
#1556 = AXIS2_PLACEMENT_3D ( 'NONE', #1978, #2276, #966 ) ;
#1557 = CARTESIAN_POINT ( 'NONE',  ( -0.6550000000000002500, 0.1999999999999999800, 0.06250000000000000000 ) ) ;
#1558 = AXIS2_PLACEMENT_3D ( 'NONE', #1557, #2576, #1372 ) ;
#1559 = CIRCLE ( 'NONE', #856, 0.1000000000000004400 ) ;
#1560 = VERTEX_POINT ( 'NONE', #859 ) ;
#1561 = EDGE_LOOP ( 'NONE', ( #346, #143, #1784, #1068 ) ) ;
#1562 = DIRECTION ( 'NONE',  ( -1.000000000000000000, 0.0000000000000000000, 0.0000000000000000000 ) ) ;
#1563 = DIRECTION ( 'NONE',  ( 1.000000000000000000, 0.0000000000000000000, 0.0000000000000000000 ) ) ;
#1564 = CARTESIAN_POINT ( 'NONE',  ( -0.8700000000000000000, 0.4249999999999999900, -0.09000000000000001100 ) ) ;
#1565 = VERTEX_POINT ( 'NONE', #1610 ) ;
#1566 = CARTESIAN_POINT ( 'NONE',  ( -0.6300000000000001200, 0.4249999999999999900, -0.08999999999999999700 ) ) ;
#1567 = EDGE_CURVE ( 'NONE', #709, #2627, #2296, .T. ) ;
#1568 = LINE ( 'NONE', #1964, #2123 ) ;
#1569 = PLANE ( 'NONE',  #1375 ) ;
#1570 = CIRCLE ( 'NONE', #3090, 0.02000000000000005900 ) ;
#1571 = ORIENTED_EDGE ( 'NONE', *, *, #917, .F. ) ;
#1572 = CARTESIAN_POINT ( 'NONE',  ( 0.7149999999999999700, -0.02500000000000001500, 0.0000000000000000000 ) ) ;
#1573 = EDGE_CURVE ( 'NONE', #3169, #2048, #128, .T. ) ;
#1574 = ORIENTED_EDGE ( 'NONE', *, *, #1956, .F. ) ;
#1575 =( NAMED_UNIT ( * ) PLANE_ANGLE_UNIT ( ) SI_UNIT ( $, .RADIAN. ) );
#1576 = SHAPE_DEFINITION_REPRESENTATION ( #1604, #201 ) ;
#1577 = VERTEX_POINT ( 'NONE', #2083 ) ;
#1578 = DIRECTION ( 'NONE',  ( -1.000000000000000000, -1.707404996040159400E-015, 0.0000000000000000000 ) ) ;
#1579 = FACE_OUTER_BOUND ( 'NONE', #2992, .T. ) ;
#1580 = ORIENTED_EDGE ( 'NONE', *, *, #2828, .F. ) ;
#1581 = PLANE ( 'NONE',  #614 ) ;
#1582 = LINE ( 'NONE', #3297, #693 ) ;
#1583 = ORIENTED_EDGE ( 'NONE', *, *, #1774, .F. ) ;
#1584 = EDGE_CURVE ( 'NONE', #3035, #102, #1234, .T. ) ;
#1585 = CARTESIAN_POINT ( 'NONE',  ( 0.6950000000000000600, 0.2199999999999999500, -0.09000000000000001100 ) ) ;
#1586 = CARTESIAN_POINT ( 'NONE',  ( -0.8750000000000003300, 0.0000000000000000000, 0.06250000000000000000 ) ) ;
#1587 = ORIENTED_EDGE ( 'NONE', *, *, #2764, .F. ) ;
#1588 = DIRECTION ( 'NONE',  ( -0.7071067811865514600, 0.0000000000000000000, -0.7071067811865436900 ) ) ;
#1589 = LINE ( 'NONE', #521, #2633 ) ;
#1590 = ORIENTED_EDGE ( 'NONE', *, *, #1522, .T. ) ;
#1591 = VECTOR ( 'NONE', #1024, 39.37007874015748100 ) ;
#1592 = DIRECTION ( 'NONE',  ( 1.000000000000000000, 0.0000000000000000000, 7.114187483500688500E-017 ) ) ;
#1593 = ORIENTED_EDGE ( 'NONE', *, *, #1463, .F. ) ;
#1594 = LINE ( 'NONE', #1338, #405 ) ;
#1595 = VERTEX_POINT ( 'NONE', #772 ) ;
#1596 = DIRECTION ( 'NONE',  ( 0.0000000000000000000, 0.0000000000000000000, -1.000000000000000000 ) ) ;
#1597 = ADVANCED_FACE ( 'NONE', ( #2089 ), #1700, .T. ) ;
#1598 = CARTESIAN_POINT ( 'NONE',  ( -0.7849999999999999200, 0.4049999999999999700, -0.09000000000000001100 ) ) ;
#1599 = EDGE_CURVE ( 'NONE', #1790, #2215, #2835, .T. ) ;
#1600 = DIRECTION ( 'NONE',  ( -1.000000000000000000, 0.0000000000000000000, 0.0000000000000000000 ) ) ;
#1601 = CARTESIAN_POINT ( 'NONE',  ( -0.6299999999999997800, -0.1250000000000000300, -0.1399999999999999900 ) ) ;
#1602 = AXIS2_PLACEMENT_3D ( 'NONE', #583, #421, #1808 ) ;
#1603 = ORIENTED_EDGE ( 'NONE', *, *, #2050, .F. ) ;
#1604 = PRODUCT_DEFINITION_SHAPE ( 'NONE', 'NONE',  #3269 ) ;
#1605 = EDGE_CURVE ( 'NONE', #2567, #163, #1917, .T. ) ;
#1606 = DIRECTION ( 'NONE',  ( -0.0000000000000000000, 0.0000000000000000000, 1.000000000000000000 ) ) ;
#1607 = ORIENTED_EDGE ( 'NONE', *, *, #2695, .T. ) ;
#1608 = EDGE_LOOP ( 'NONE', ( #1104, #2439, #715, #1227 ) ) ;
#1609 = VECTOR ( 'NONE', #266, 39.37007874015748100 ) ;
#1610 = CARTESIAN_POINT ( 'NONE',  ( 0.8699999999999998800, -0.1250000000000000300, -0.1399999999999999900 ) ) ;
#1611 = CYLINDRICAL_SURFACE ( 'NONE', #2890, 0.02000000000000005900 ) ;
#1612 = ORIENTED_EDGE ( 'NONE', *, *, #600, .F. ) ;
#1613 = LINE ( 'NONE', #3339, #2287 ) ;
#1614 = DIRECTION ( 'NONE',  ( 0.0000000000000000000, 0.0000000000000000000, -1.000000000000000000 ) ) ;
#1615 = VECTOR ( 'NONE', #317, 39.37007874015748100 ) ;
#1616 = ORIENTED_EDGE ( 'NONE', *, *, #1940, .F. ) ;
#1617 = AXIS2_PLACEMENT_3D ( 'NONE', #2983, #2500, #689 ) ;
#1618 = CARTESIAN_POINT ( 'NONE',  ( -0.6949999999999998400, -0.04500000000000001200, 0.06250000000000000000 ) ) ;
#1619 = DIRECTION ( 'NONE',  ( -0.0000000000000000000, -0.0000000000000000000, -1.000000000000000000 ) ) ;
#1620 = LINE ( 'NONE', #1407, #2544 ) ;
#1621 =( GEOMETRIC_REPRESENTATION_CONTEXT ( 3 ) GLOBAL_UNCERTAINTY_ASSIGNED_CONTEXT ( ( #1689 ) ) GLOBAL_UNIT_ASSIGNED_CONTEXT ( ( #2034, #1575, #469 ) ) REPRESENTATION_CONTEXT ( 'NONE', 'WORKASPACE' ) );
#1622 = DIRECTION ( 'NONE',  ( -1.000000000000000000, 0.0000000000000000000, 0.0000000000000000000 ) ) ;
#1623 = EDGE_LOOP ( 'NONE', ( #3051, #1109, #840, #825 ) ) ;
#1624 = DIRECTION ( 'NONE',  ( -1.000000000000000000, 0.0000000000000000000, -0.0000000000000000000 ) ) ;
#1625 = CARTESIAN_POINT ( 'NONE',  ( 0.8249999999999999600, 0.4449999999999999500, 0.0000000000000000000 ) ) ;
#1626 = CARTESIAN_POINT ( 'NONE',  ( 0.6300000000000000000, -0.1250000000000000300, -0.1400000000000000100 ) ) ;
#1627 = ORIENTED_EDGE ( 'NONE', *, *, #1243, .F. ) ;
#1628 = LINE ( 'NONE', #477, #2771 ) ;
#1629 = ORIENTED_EDGE ( 'NONE', *, *, #1811, .T. ) ;
#1630 = CARTESIAN_POINT ( 'NONE',  ( 0.6949999999999999500, -0.1250000000000000300, 0.06250000000000000000 ) ) ;
#1631 = CARTESIAN_POINT ( 'NONE',  ( 0.8449999999999997500, -0.2500000000000000000, 0.06250000000000000000 ) ) ;
#1632 = ORIENTED_EDGE ( 'NONE', *, *, #284, .T. ) ;
#1633 = VECTOR ( 'NONE', #1542, 39.37007874015748100 ) ;
#1634 = ORIENTED_EDGE ( 'NONE', *, *, #23, .F. ) ;
#1635 = DIRECTION ( 'NONE',  ( 1.000000000000000000, 0.0000000000000000000, 0.0000000000000000000 ) ) ;
#1636 = ORIENTED_EDGE ( 'NONE', *, *, #2770, .F. ) ;
#1637 = VECTOR ( 'NONE', #2305, 39.37007874015748100 ) ;
#1638 = ORIENTED_EDGE ( 'NONE', *, *, #2114, .F. ) ;
#1639 = VECTOR ( 'NONE', #2471, 39.37007874015748100 ) ;
#1640 = DIRECTION ( 'NONE',  ( 0.0000000000000000000, 0.0000000000000000000, 1.000000000000000000 ) ) ;
#1641 = ORIENTED_EDGE ( 'NONE', *, *, #474, .F. ) ;
#1642 = LINE ( 'NONE', #701, #612 ) ;
#1643 = AXIS2_PLACEMENT_3D ( 'NONE', #203, #2282, #2594 ) ;
#1644 = EDGE_LOOP ( 'NONE', ( #1009, #1674, #2022, #2009, #1632 ) ) ;
#1645 = CARTESIAN_POINT ( 'NONE',  ( 0.7750000000000000200, -0.8750000000000003300, 0.06250000000000000000 ) ) ;
#1646 = CARTESIAN_POINT ( 'NONE',  ( -0.6550000000000002500, 0.2199999999999999700, 0.06250000000000000000 ) ) ;
#1647 = ADVANCED_FACE ( 'NONE', ( #2927 ), #1529, .F. ) ;
#1648 = ORIENTED_EDGE ( 'NONE', *, *, #84, .F. ) ;
#1649 = DIRECTION ( 'NONE',  ( 1.000000000000000000, 0.0000000000000000000, 0.0000000000000000000 ) ) ;
#1650 = EDGE_CURVE ( 'NONE', #277, #343, #2679, .T. ) ;
#1651 = VERTEX_POINT ( 'NONE', #1823 ) ;
#1652 = CARTESIAN_POINT ( 'NONE',  ( -0.8699999999999997700, -0.02500000000000001500, -0.09000000000000001100 ) ) ;
#1653 = EDGE_CURVE ( 'NONE', #810, #1474, #350, .T. ) ;
#1654 = VERTEX_POINT ( 'NONE', #325 ) ;
#1655 = PLANE ( 'NONE',  #2994 ) ;
#1656 = CARTESIAN_POINT ( 'NONE',  ( 0.8700000000000000000, 0.3249999999999999600, -0.08999999999999999700 ) ) ;
#1657 = LINE ( 'NONE', #3246, #206 ) ;
#1658 = EDGE_LOOP ( 'NONE', ( #2964, #3287, #1205, #3386, #2088, #116, #393, #2259, #2618, #2765, #3347, #154 ) ) ;
#1659 = CARTESIAN_POINT ( 'NONE',  ( 0.6300000000000000000, -0.1250000000000000300, -0.1400000000000000100 ) ) ;
#1660 = DIRECTION ( 'NONE',  ( -0.0000000000000000000, -0.0000000000000000000, 1.000000000000000000 ) ) ;
#1661 = DIRECTION ( 'NONE',  ( 0.0000000000000000000, 0.0000000000000000000, -1.000000000000000000 ) ) ;
#1662 = CARTESIAN_POINT ( 'NONE',  ( -1.365923996832131600E-016, -0.1650000000000000100, -0.04000000000000000100 ) ) ;
#1663 = CARTESIAN_POINT ( 'NONE',  ( 0.7750000000000000200, 0.7749999999999999100, 0.06250000000000000000 ) ) ;
#1664 = CIRCLE ( 'NONE', #103, 0.02000000000000005900 ) ;
#1665 = ORIENTED_EDGE ( 'NONE', *, *, #1318, .F. ) ;
#1666 = DIRECTION ( 'NONE',  ( -0.0000000000000000000, -0.0000000000000000000, 1.000000000000000000 ) ) ;
#1667 = CARTESIAN_POINT ( 'NONE',  ( -0.6299999999999997800, -0.1250000000000000300, -0.08999999999999999700 ) ) ;
#1668 = DIRECTION ( 'NONE',  ( -0.0000000000000000000, 1.000000000000000000, -0.0000000000000000000 ) ) ;
#1669 = CIRCLE ( 'NONE', #1987, 0.02000000000000005900 ) ;
#1670 = CIRCLE ( 'NONE', #423, 0.02000000000000005900 ) ;
#1671 = ORIENTED_EDGE ( 'NONE', *, *, #544, .F. ) ;
#1672 = PLANE ( 'NONE',  #874 ) ;
#1673 = DIRECTION ( 'NONE',  ( 0.0000000000000000000, 0.0000000000000000000, -1.000000000000000000 ) ) ;
#1674 = ORIENTED_EDGE ( 'NONE', *, *, #2846, .F. ) ;
#1675 = LINE ( 'NONE', #2136, #333 ) ;
#1676 = EDGE_LOOP ( 'NONE', ( #1772, #2435, #1091, #430 ) ) ;
#1677 = CYLINDRICAL_SURFACE ( 'NONE', #1824, 0.02000000000000005900 ) ;
#1678 = ORIENTED_EDGE ( 'NONE', *, *, #1718, .F. ) ;
#1679 = EDGE_LOOP ( 'NONE', ( #3152, #2982, #2429, #1173 ) ) ;
#1680 = EDGE_CURVE ( 'NONE', #1914, #3083, #1892, .T. ) ;
#1681 = ORIENTED_EDGE ( 'NONE', *, *, #1736, .F. ) ;
#1682 = CARTESIAN_POINT ( 'NONE',  ( 0.8050000000000000500, 0.3249999999999999600, 0.0000000000000000000 ) ) ;
#1683 = ORIENTED_EDGE ( 'NONE', *, *, #2263, .F. ) ;
#1684 = DIRECTION ( 'NONE',  ( 0.0000000000000000000, 0.0000000000000000000, -1.000000000000000000 ) ) ;
#1685 = DIRECTION ( 'NONE',  ( -0.0000000000000000000, -0.0000000000000000000, 1.000000000000000000 ) ) ;
#1686 = CARTESIAN_POINT ( 'NONE',  ( -0.8050000000000000500, 0.3249999999999999600, -0.09000000000000001100 ) ) ;
#1687 = AXIS2_PLACEMENT_3D ( 'NONE', #2336, #1724, #1839 ) ;
#1688 = LINE ( 'NONE', #860, #659 ) ;
#1689 = UNCERTAINTY_MEASURE_WITH_UNIT (LENGTH_MEASURE( 1.000000000000000100E-005 ), #2034, 'distance_accuracy_value', 'NONE');
#1690 = CARTESIAN_POINT ( 'NONE',  ( 0.6300000000000000000, -0.02500000000000001500, -0.09000000000000001100 ) ) ;
#1691 = FACE_OUTER_BOUND ( 'NONE', #2297, .T. ) ;
#1692 = CARTESIAN_POINT ( 'NONE',  ( 0.8449999999999998600, 0.2199999999999999700, 0.06250000000000000000 ) ) ;
#1693 = VECTOR ( 'NONE', #1296, 39.37007874015748100 ) ;
#1694 = ORIENTED_EDGE ( 'NONE', *, *, #1046, .F. ) ;
#1695 = CARTESIAN_POINT ( 'NONE',  ( 0.6300000000000000000, -0.1250000000000000300, -0.09000000000000001100 ) ) ;
#1696 = CARTESIAN_POINT ( 'NONE',  ( 0.0000000000000000000, 0.0000000000000000000, 0.0000000000000000000 ) ) ;
#1697 = FACE_OUTER_BOUND ( 'NONE', #2294, .T. ) ;
#1698 = VERTEX_POINT ( 'NONE', #382 ) ;
#1699 = DIRECTION ( 'NONE',  ( -0.0000000000000000000, -0.0000000000000000000, 1.000000000000000000 ) ) ;
#1700 = CYLINDRICAL_SURFACE ( 'NONE', #1941, 0.02000000000000005900 ) ;
#1701 = EDGE_LOOP ( 'NONE', ( #2563, #1770, #500, #1571 ) ) ;
#1702 = DIRECTION ( 'NONE',  ( 1.000000000000000000, 0.0000000000000000000, 0.0000000000000000000 ) ) ;
#1703 = CYLINDRICAL_SURFACE ( 'NONE', #1240, 0.02000000000000005900 ) ;
#1704 = ORIENTED_EDGE ( 'NONE', *, *, #1218, .F. ) ;
#1705 = EDGE_CURVE ( 'NONE', #1327, #1840, #1589, .T. ) ;
#1706 = PLANE ( 'NONE',  #505 ) ;
#1707 = DIRECTION ( 'NONE',  ( 0.0000000000000000000, 0.0000000000000000000, -1.000000000000000000 ) ) ;
#1708 = CARTESIAN_POINT ( 'NONE',  ( -0.8999999999999999100, -0.8999999999999999100, 0.03750000000000013000 ) ) ;
#1709 = EDGE_CURVE ( 'NONE', #2048, #1452, #799, .T. ) ;
#1710 = FACE_OUTER_BOUND ( 'NONE', #2176, .T. ) ;
#1711 = DIRECTION ( 'NONE',  ( -0.0000000000000000000, -0.0000000000000000000, 1.000000000000000000 ) ) ;
#1712 = FACE_OUTER_BOUND ( 'NONE', #312, .T. ) ;
#1713 = CARTESIAN_POINT ( 'NONE',  ( -0.7849999999999997000, -0.04500000000000001200, 0.06250000000000000000 ) ) ;
#1714 = VERTEX_POINT ( 'NONE', #597 ) ;
#1715 = VECTOR ( 'NONE', #125, 39.37007874015748100 ) ;
#1716 = ORIENTED_EDGE ( 'NONE', *, *, #766, .F. ) ;
#1717 = VERTEX_POINT ( 'NONE', #2756 ) ;
#1718 = EDGE_CURVE ( 'NONE', #682, #2588, #1742, .T. ) ;
#1719 = EDGE_CURVE ( 'NONE', #374, #2921, #1492, .T. ) ;
#1720 = ORIENTED_EDGE ( 'NONE', *, *, #1903, .T. ) ;
#1721 = LINE ( 'NONE', #3294, #71 ) ;
#1722 = AXIS2_PLACEMENT_3D ( 'NONE', #2109, #2547, #3158 ) ;
#1723 = DIRECTION ( 'NONE',  ( -1.000000000000000000, -0.0000000000000000000, -0.0000000000000000000 ) ) ;
#1724 = DIRECTION ( 'NONE',  ( -0.0000000000000000000, -0.0000000000000000000, 1.000000000000000000 ) ) ;
#1725 = ADVANCED_FACE ( 'NONE', ( #2323 ), #2284, .T. ) ;
#1726 = SURFACE_STYLE_FILL_AREA ( #89 ) ;
#1727 = EDGE_CURVE ( 'NONE', #137, #1728, #2174, .T. ) ;
#1728 = VERTEX_POINT ( 'NONE', #1991 ) ;
#1729 = CYLINDRICAL_SURFACE ( 'NONE', #3047, 0.02000000000000005900 ) ;
#1730 = VERTEX_POINT ( 'NONE', #310 ) ;
#1731 = DIRECTION ( 'NONE',  ( -0.0000000000000000000, -0.0000000000000000000, 1.000000000000000000 ) ) ;
#1732 = ORIENTED_EDGE ( 'NONE', *, *, #1762, .T. ) ;
#1733 = DIRECTION ( 'NONE',  ( 0.0000000000000000000, -1.000000000000000000, 0.0000000000000000000 ) ) ;
#1734 = LINE ( 'NONE', #1998, #3106 ) ;
#1735 = DIRECTION ( 'NONE',  ( -1.000000000000000000, 2.667820306312749300E-015, 0.0000000000000000000 ) ) ;
#1736 = EDGE_CURVE ( 'NONE', #2548, #1714, #1866, .T. ) ;
#1737 = ADVANCED_FACE ( 'NONE', ( #88 ), #2654, .F. ) ;
#1738 = PRODUCT ( 'Puck Adapter Plate_20190319', 'Puck Adapter Plate_20190319', '', ( #720 ) ) ;
#1739 = DIRECTION ( 'NONE',  ( 1.000000000000000000, -0.0000000000000000000, -0.0000000000000000000 ) ) ;
#1740 = FACE_OUTER_BOUND ( 'NONE', #304, .T. ) ;
#1741 = ADVANCED_FACE ( 'NONE', ( #1579 ), #2938, .F. ) ;
#1742 = LINE ( 'NONE', #694, #1264 ) ;
#1743 = ORIENTED_EDGE ( 'NONE', *, *, #1061, .F. ) ;
#1744 = AXIS2_PLACEMENT_3D ( 'NONE', #1882, #3046, #1389 ) ;
#1745 = ADVANCED_FACE ( 'NONE', ( #1511 ), #1464, .F. ) ;
#1746 = CIRCLE ( 'NONE', #2848, 0.04000000000000000100 ) ;
#1747 = ADVANCED_FACE ( 'NONE', ( #3124 ), #1319, .F. ) ;
#1748 = CARTESIAN_POINT ( 'NONE',  ( -0.8249999999999998400, -0.2300000000000000400, 0.06250000000000000000 ) ) ;
#1749 = ORIENTED_EDGE ( 'NONE', *, *, #1793, .F. ) ;
#1750 = DIRECTION ( 'NONE',  ( 0.0000000000000000000, 0.0000000000000000000, -1.000000000000000000 ) ) ;
#1751 = AXIS2_PLACEMENT_3D ( 'NONE', #1871, #1995, #362 ) ;
#1752 = VERTEX_POINT ( 'NONE', #587 ) ;
#1753 = VECTOR ( 'NONE', #1090, 39.37007874015748100 ) ;
#1754 = ORIENTED_EDGE ( 'NONE', *, *, #2008, .T. ) ;
#1755 = CARTESIAN_POINT ( 'NONE',  ( 0.6950000000000000600, 0.3249999999999999600, 0.0000000000000000000 ) ) ;
#1756 = EDGE_CURVE ( 'NONE', #1512, #1527, #2361, .T. ) ;
#1757 = FACE_BOUND ( 'NONE', #2995, .T. ) ;
#1758 = EDGE_CURVE ( 'NONE', #2382, #277, #582, .T. ) ;
#1759 = ORIENTED_EDGE ( 'NONE', *, *, #3112, .F. ) ;
#1760 = LINE ( 'NONE', #1682, #11 ) ;
#1761 = ORIENTED_EDGE ( 'NONE', *, *, #2050, .T. ) ;
#1762 = EDGE_CURVE ( 'NONE', #2424, #1278, #2713, .T. ) ;
#1763 = EDGE_CURVE ( 'NONE', #1156, #3257, #136, .T. ) ;
#1764 = DIRECTION ( 'NONE',  ( -1.000000000000000000, -0.0000000000000000000, -0.0000000000000000000 ) ) ;
#1765 = ADVANCED_FACE ( 'NONE', ( #1473 ), #164, .T. ) ;
#1766 = ORIENTED_EDGE ( 'NONE', *, *, #1360, .F. ) ;
#1767 = CARTESIAN_POINT ( 'NONE',  ( -0.7749999999999999100, 0.7750000000000000200, 0.06250000000000000000 ) ) ;
#1768 = CARTESIAN_POINT ( 'NONE',  ( 0.6750000000000001600, 0.4449999999999999500, 0.06250000000000000000 ) ) ;
#1769 = CARTESIAN_POINT ( 'NONE',  ( 0.7750000000000000200, 0.8999999999999999100, 0.0000000000000000000 ) ) ;
#1770 = ORIENTED_EDGE ( 'NONE', *, *, #2524, .F. ) ;
#1771 = CARTESIAN_POINT ( 'NONE',  ( -0.7749999999999999100, 0.7750000000000000200, 0.03750000000000013000 ) ) ;
#1772 = ORIENTED_EDGE ( 'NONE', *, *, #3309, .T. ) ;
#1773 = CARTESIAN_POINT ( 'NONE',  ( -0.6750000000000000400, 0.2199999999999999700, 0.06250000000000000000 ) ) ;
#1774 = EDGE_CURVE ( 'NONE', #473, #2567, #2503, .T. ) ;
#1775 = AXIS2_PLACEMENT_3D ( 'NONE', #2637, #1252, #3227 ) ;
#1776 = CARTESIAN_POINT ( 'NONE',  ( 0.6550000000000000300, 0.01499999999999997700, 0.06250000000000000000 ) ) ;
#1777 = CARTESIAN_POINT ( 'NONE',  ( 0.8249999999999998400, 0.01499999999999997700, 0.0000000000000000000 ) ) ;
#1778 = ORIENTED_EDGE ( 'NONE', *, *, #2530, .T. ) ;
#1779 = EDGE_CURVE ( 'NONE', #990, #2342, #2193, .T. ) ;
#1780 = ORIENTED_EDGE ( 'NONE', *, *, #592, .T. ) ;
#1781 = DIRECTION ( 'NONE',  ( -1.000000000000000000, -0.0000000000000000000, -0.0000000000000000000 ) ) ;
#1782 = LINE ( 'NONE', #3389, #603 ) ;
#1783 = ADVANCED_FACE ( 'NONE', ( #1710 ), #3122, .F. ) ;
#1784 = ORIENTED_EDGE ( 'NONE', *, *, #2312, .F. ) ;
#1785 = CIRCLE ( 'NONE', #1602, 0.02000000000000005900 ) ;
#1786 = EDGE_LOOP ( 'NONE', ( #1123, #45, #1079, #2650, #1716, #2234, #3129, #1538, #3293, #388, #1932, #2167, #2394, #2343 ) ) ;
#1787 = DIRECTION ( 'NONE',  ( -1.000000000000000000, 0.0000000000000000000, 0.0000000000000000000 ) ) ;
#1788 = VECTOR ( 'NONE', #1794, 39.37007874015748100 ) ;
#1789 = EDGE_CURVE ( 'NONE', #2627, #1394, #85, .T. ) ;
#1790 = VERTEX_POINT ( 'NONE', #1907 ) ;
#1791 = LINE ( 'NONE', #2845, #2191 ) ;
#1792 = ORIENTED_EDGE ( 'NONE', *, *, #1283, .F. ) ;
#1793 = EDGE_CURVE ( 'NONE', #3084, #2505, #1746, .T. ) ;
#1794 = DIRECTION ( 'NONE',  ( -0.0000000000000000000, 1.000000000000000000, 0.0000000000000000000 ) ) ;
#1795 = ORIENTED_EDGE ( 'NONE', *, *, #2653, .F. ) ;
#1796 = ORIENTED_EDGE ( 'NONE', *, *, #292, .T. ) ;
#1797 = VECTOR ( 'NONE', #2813, 39.37007874015748100 ) ;
#1798 = ADVANCED_FACE ( 'NONE', ( #2939 ), #824, .F. ) ;
#1799 = ORIENTED_EDGE ( 'NONE', *, *, #2298, .T. ) ;
#1800 = PLANE ( 'NONE',  #841 ) ;
#1801 = VECTOR ( 'NONE', #596, 39.37007874015748100 ) ;
#1802 = EDGE_LOOP ( 'NONE', ( #1780, #2379, #1025, #3350, #2221, #2806, #2265, #2339, #194, #3123, #2121, #1294 ) ) ;
#1803 = VECTOR ( 'NONE', #1045, 39.37007874015748100 ) ;
#1804 = DIRECTION ( 'NONE',  ( 0.0000000000000000000, 0.0000000000000000000, -1.000000000000000000 ) ) ;
#1805 = ADVANCED_FACE ( 'NONE', ( #1246 ), #2205, .F. ) ;
#1806 = LINE ( 'NONE', #159, #2865 ) ;
#1807 = VERTEX_POINT ( 'NONE', #754 ) ;
#1808 = DIRECTION ( 'NONE',  ( -1.000000000000000000, 0.0000000000000000000, 0.0000000000000000000 ) ) ;
#1809 = VERTEX_POINT ( 'NONE', #1769 ) ;
#1810 = EDGE_CURVE ( 'NONE', #3338, #127, #375, .T. ) ;
#1811 = EDGE_CURVE ( 'NONE', #1577, #1717, #2264, .T. ) ;
#1812 = DIRECTION ( 'NONE',  ( 0.0000000000000000000, 0.0000000000000000000, 1.000000000000000000 ) ) ;
#1813 = CARTESIAN_POINT ( 'NONE',  ( 0.8249999999999999600, -0.2300000000000000100, 0.0000000000000000000 ) ) ;
#1814 = VERTEX_POINT ( 'NONE', #2327 ) ;
#1815 = ADVANCED_FACE ( 'NONE', ( #3197 ), #1323, .F. ) ;
#1816 = PLANE ( 'NONE',  #1899 ) ;
#1817 = CARTESIAN_POINT ( 'NONE',  ( -0.6749999999999997100, -0.2300000000000000100, 0.06250000000000000000 ) ) ;
#1818 = CARTESIAN_POINT ( 'NONE',  ( 0.8449999999999999700, 0.4449999999999999500, 0.0000000000000000000 ) ) ;
#1819 = LINE ( 'NONE', #2011, #2184 ) ;
#1820 = ADVANCED_FACE ( 'NONE', ( #1380 ), #2449, .F. ) ;
#1821 = ORIENTED_EDGE ( 'NONE', *, *, #1096, .T. ) ;
#1822 = DIRECTION ( 'NONE',  ( 0.0000000000000000000, 0.0000000000000000000, -1.000000000000000000 ) ) ;
#1823 = CARTESIAN_POINT ( 'NONE',  ( -0.6300000000000001200, 0.4249999999999999900, -0.1399999999999999900 ) ) ;
#1824 = AXIS2_PLACEMENT_3D ( 'NONE', #898, #1684, #2739 ) ;
#1825 = CIRCLE ( 'NONE', #1194, 0.02000000000000005900 ) ;
#1826 = ORIENTED_EDGE ( 'NONE', *, *, #802, .T. ) ;
#1827 = DIRECTION ( 'NONE',  ( 0.0000000000000000000, 0.0000000000000000000, -1.000000000000000000 ) ) ;
#1828 = DIRECTION ( 'NONE',  ( -0.0000000000000000000, -0.0000000000000000000, 1.000000000000000000 ) ) ;
#1829 = FACE_OUTER_BOUND ( 'NONE', #675, .T. ) ;
#1830 = ADVANCED_FACE ( 'NONE', ( #1039 ), #2684, .T. ) ;
#1831 = ORIENTED_EDGE ( 'NONE', *, *, #1219, .F. ) ;
#1832 = CARTESIAN_POINT ( 'NONE',  ( -0.6950000000000000600, 0.4049999999999999700, -0.08999999999999999700 ) ) ;
#1833 = CARTESIAN_POINT ( 'NONE',  ( 0.8449999999999997500, -0.2300000000000000100, 0.06250000000000000000 ) ) ;
#1834 = VERTEX_POINT ( 'NONE', #2873 ) ;
#1835 = DIRECTION ( 'NONE',  ( -0.0000000000000000000, -1.000000000000000000, -0.0000000000000000000 ) ) ;
#1836 = CIRCLE ( 'NONE', #946, 0.02000000000000005900 ) ;
#1837 = EDGE_LOOP ( 'NONE', ( #843, #1989, #1077, #1159, #2411, #1467, #2558, #3285 ) ) ;
#1838 = DIRECTION ( 'NONE',  ( -0.0000000000000000000, -0.0000000000000000000, 1.000000000000000000 ) ) ;
#1839 = DIRECTION ( 'NONE',  ( -1.000000000000000000, 0.0000000000000000000, 0.0000000000000000000 ) ) ;
#1840 = VERTEX_POINT ( 'NONE', #2740 ) ;
#1841 = CARTESIAN_POINT ( 'NONE',  ( 0.6949999999999999500, -0.1250000000000000300, -0.09000000000000001100 ) ) ;
#1842 = DIRECTION ( 'NONE',  ( -0.0000000000000000000, 1.000000000000000000, -0.0000000000000000000 ) ) ;
#1843 = ORIENTED_EDGE ( 'NONE', *, *, #600, .T. ) ;
#1844 = EDGE_CURVE ( 'NONE', #1416, #3024, #2577, .T. ) ;
#1845 = AXIS2_PLACEMENT_3D ( 'NONE', #2596, #2183, #3289 ) ;
#1846 = FACE_OUTER_BOUND ( 'NONE', #677, .T. ) ;
#1847 = ADVANCED_FACE ( 'NONE', ( #975 ), #2041, .F. ) ;
#1848 = ORIENTED_EDGE ( 'NONE', *, *, #1923, .T. ) ;
#1849 = LINE ( 'NONE', #470, #3176 ) ;
#1850 = ORIENTED_EDGE ( 'NONE', *, *, #2792, .T. ) ;
#1851 = LINE ( 'NONE', #1018, #2859 ) ;
#1852 = DIRECTION ( 'NONE',  ( -0.0000000000000000000, -0.0000000000000000000, 1.000000000000000000 ) ) ;
#1853 = ORIENTED_EDGE ( 'NONE', *, *, #858, .T. ) ;
#1854 = CARTESIAN_POINT ( 'NONE',  ( 0.8999999999999999100, 0.7750000000000000200, 0.0000000000000000000 ) ) ;
#1855 = CARTESIAN_POINT ( 'NONE',  ( 0.6949999999999999500, -0.1650000000000000100, -0.04000000000000000100 ) ) ;
#1856 = CARTESIAN_POINT ( 'NONE',  ( 0.8699999999999998800, -0.02500000000000001500, -0.1399999999999999900 ) ) ;
#1857 = EDGE_CURVE ( 'NONE', #437, #709, #463, .T. ) ;
#1858 = DIRECTION ( 'NONE',  ( 0.0000000000000000000, 0.0000000000000000000, -1.000000000000000000 ) ) ;
#1859 = DIRECTION ( 'NONE',  ( 0.0000000000000000000, 0.0000000000000000000, 1.000000000000000000 ) ) ;
#1860 = CARTESIAN_POINT ( 'NONE',  ( 0.6300000000000000000, -0.1250000000000000300, -0.09000000000000001100 ) ) ;
#1861 = ORIENTED_EDGE ( 'NONE', *, *, #2222, .F. ) ;
#1862 = ADVANCED_FACE ( 'NONE', ( #723 ), #1974, .F. ) ;
#1863 = EDGE_CURVE ( 'NONE', #590, #1914, #1082, .T. ) ;
#1864 = CIRCLE ( 'NONE', #1868, 0.02000000000000005900 ) ;
#1865 = CARTESIAN_POINT ( 'NONE',  ( 0.7849999999999999200, 0.4249999999999999900, 0.06250000000000000000 ) ) ;
#1866 = LINE ( 'NONE', #115, #1420 ) ;
#1867 = ORIENTED_EDGE ( 'NONE', *, *, #2457, .T. ) ;
#1868 = AXIS2_PLACEMENT_3D ( 'NONE', #1329, #151, #87 ) ;
#1869 = LINE ( 'NONE', #400, #2585 ) ;
#1870 = ORIENTED_EDGE ( 'NONE', *, *, #1383, .T. ) ;
#1871 = CARTESIAN_POINT ( 'NONE',  ( -0.6950000000000000600, 0.3249999999999999600, -0.08999999999999999700 ) ) ;
#1872 = DIRECTION ( 'NONE',  ( -0.7071067811865435800, 0.0000000000000000000, 0.7071067811865513500 ) ) ;
#1873 = DIRECTION ( 'NONE',  ( 0.0000000000000000000, 0.0000000000000000000, -1.000000000000000000 ) ) ;
#1874 = DIRECTION ( 'NONE',  ( -0.0000000000000000000, 0.0000000000000000000, 1.000000000000000000 ) ) ;
#1875 = ORIENTED_EDGE ( 'NONE', *, *, #2787, .F. ) ;
#1876 = AXIS2_PLACEMENT_3D ( 'NONE', #2726, #1971, #2747 ) ;
#1877 = VERTEX_POINT ( 'NONE', #3195 ) ;
#1878 = DIRECTION ( 'NONE',  ( 0.0000000000000000000, 1.000000000000000000, 0.0000000000000000000 ) ) ;
#1879 = VECTOR ( 'NONE', #422, 39.37007874015748100 ) ;
#1880 = ORIENTED_EDGE ( 'NONE', *, *, #1844, .F. ) ;
#1881 = EDGE_CURVE ( 'NONE', #1474, #1901, #566, .T. ) ;
#1882 = CARTESIAN_POINT ( 'NONE',  ( 0.0000000000000000000, 0.8750000000000003300, 0.06250000000000000000 ) ) ;
#1883 = EDGE_CURVE ( 'NONE', #648, #473, #2476, .T. ) ;
#1884 = DIRECTION ( 'NONE',  ( -1.000000000000000000, 0.0000000000000000000, 0.0000000000000000000 ) ) ;
#1885 = ORIENTED_EDGE ( 'NONE', *, *, #236, .T. ) ;
#1886 = ORIENTED_EDGE ( 'NONE', *, *, #1369, .F. ) ;
#1887 = DIRECTION ( 'NONE',  ( 0.0000000000000000000, -0.0000000000000000000, 1.000000000000000000 ) ) ;
#1888 = PLANE ( 'NONE',  #1952 ) ;
#1889 = CARTESIAN_POINT ( 'NONE',  ( 0.7150000000000001900, 0.4049999999999999700, -0.09000000000000001100 ) ) ;
#1890 = CIRCLE ( 'NONE', #2735, 0.1000000000000004400 ) ;
#1891 = ORIENTED_EDGE ( 'NONE', *, *, #1096, .F. ) ;
#1892 = LINE ( 'NONE', #172, #3351 ) ;
#1893 = CARTESIAN_POINT ( 'NONE',  ( -0.7849999999999999200, 0.4249999999999999900, 0.0000000000000000000 ) ) ;
#1894 = ORIENTED_EDGE ( 'NONE', *, *, #74, .F. ) ;
#1895 = DIRECTION ( 'NONE',  ( -1.000000000000000000, 0.0000000000000000000, 0.0000000000000000000 ) ) ;
#1896 = CIRCLE ( 'NONE', #3148, 0.02000000000000005900 ) ;
#1897 = DIRECTION ( 'NONE',  ( 0.0000000000000000000, 0.0000000000000000000, -1.000000000000000000 ) ) ;
#1898 = CARTESIAN_POINT ( 'NONE',  ( -0.6949999999999998400, -0.1250000000000000300, 0.0000000000000000000 ) ) ;
#1899 = AXIS2_PLACEMENT_3D ( 'NONE', #101, #3187, #3057 ) ;
#1900 = LINE ( 'NONE', #3025, #100 ) ;
#1901 = VERTEX_POINT ( 'NONE', #2773 ) ;
#1902 = DIRECTION ( 'NONE',  ( -0.0000000000000000000, -0.0000000000000000000, 1.000000000000000000 ) ) ;
#1903 = EDGE_CURVE ( 'NONE', #1187, #990, #1044, .T. ) ;
#1904 = ORIENTED_EDGE ( 'NONE', *, *, #2504, .F. ) ;
#1905 = DIRECTION ( 'NONE',  ( -0.0000000000000000000, 1.000000000000000000, -0.0000000000000000000 ) ) ;
#1906 = ORIENTED_EDGE ( 'NONE', *, *, #462, .T. ) ;
#1907 = CARTESIAN_POINT ( 'NONE',  ( 0.8250000000000000700, 0.1999999999999999800, 0.06250000000000000000 ) ) ;
#1908 = DIRECTION ( 'NONE',  ( 1.000000000000000000, -0.0000000000000000000, -0.0000000000000000000 ) ) ;
#1909 = DIRECTION ( 'NONE',  ( -0.0000000000000000000, -0.0000000000000000000, 1.000000000000000000 ) ) ;
#1910 = FACE_OUTER_BOUND ( 'NONE', #595, .T. ) ;
#1911 = EDGE_CURVE ( 'NONE', #1166, #548, #331, .T. ) ;
#1912 = LINE ( 'NONE', #3381, #1639 ) ;
#1913 = DIRECTION ( 'NONE',  ( -1.000000000000000000, 5.154430176725025800E-016, 0.0000000000000000000 ) ) ;
#1914 = VERTEX_POINT ( 'NONE', #1174 ) ;
#1915 = CARTESIAN_POINT ( 'NONE',  ( 0.6750000000000001600, 0.4649999999999999700, 0.06250000000000000000 ) ) ;
#1916 = CARTESIAN_POINT ( 'NONE',  ( -0.8049999999999997200, -0.1250000000000000300, -0.04000000000000000100 ) ) ;
#1917 = LINE ( 'NONE', #2767, #450 ) ;
#1918 = EDGE_LOOP ( 'NONE', ( #1251, #3204, #2702, #3210 ) ) ;
#1919 = DIRECTION ( 'NONE',  ( -1.000000000000000000, 0.0000000000000000000, -0.0000000000000000000 ) ) ;
#1920 = DIRECTION ( 'NONE',  ( -0.0000000000000000000, -1.000000000000000000, -0.0000000000000000000 ) ) ;
#1921 = ORIENTED_EDGE ( 'NONE', *, *, #278, .F. ) ;
#1922 = CARTESIAN_POINT ( 'NONE',  ( 0.7150000000000001900, 0.4049999999999999700, 0.06250000000000000000 ) ) ;
#1923 = EDGE_CURVE ( 'NONE', #114, #444, #1533, .T. ) ;
#1924 = ADVANCED_FACE ( 'NONE', ( #3052 ), #376, .F. ) ;
#1925 = CYLINDRICAL_SURFACE ( 'NONE', #1446, 0.04000000000000000100 ) ;
#1926 = ORIENTED_EDGE ( 'NONE', *, *, #1003, .T. ) ;
#1927 = DIRECTION ( 'NONE',  ( -0.0000000000000000000, -0.0000000000000000000, 1.000000000000000000 ) ) ;
#1928 = EDGE_CURVE ( 'NONE', #1387, #1098, #3354, .T. ) ;
#1929 = DIRECTION ( 'NONE',  ( 0.0000000000000000000, -1.000000000000000000, 0.0000000000000000000 ) ) ;
#1930 = VECTOR ( 'NONE', #623, 39.37007874015748100 ) ;
#1931 = ADVANCED_FACE ( 'NONE', ( #1155, #3295, #1757, #2084, #967 ), #1461, .F. ) ;
#1932 = ORIENTED_EDGE ( 'NONE', *, *, #1653, .T. ) ;
#1933 = DIRECTION ( 'NONE',  ( 0.0000000000000000000, 0.0000000000000000000, -1.000000000000000000 ) ) ;
#1934 = DIRECTION ( 'NONE',  ( -1.000000000000000000, 0.0000000000000000000, -0.0000000000000000000 ) ) ;
#1935 = ORIENTED_EDGE ( 'NONE', *, *, #1089, .F. ) ;
#1936 = FACE_OUTER_BOUND ( 'NONE', #2600, .T. ) ;
#1937 = LINE ( 'NONE', #2899, #476 ) ;
#1938 = ORIENTED_EDGE ( 'NONE', *, *, #3356, .T. ) ;
#1939 = FACE_OUTER_BOUND ( 'NONE', #996, .T. ) ;
#1940 = EDGE_CURVE ( 'NONE', #1336, #2759, #1965, .T. ) ;
#1941 = AXIS2_PLACEMENT_3D ( 'NONE', #283, #2830, #811 ) ;
#1942 = CIRCLE ( 'NONE', #2823, 0.02000000000000005900 ) ;
#1943 = DIRECTION ( 'NONE',  ( 1.000000000000000000, 0.0000000000000000000, 7.114187483500688500E-017 ) ) ;
#1944 = EDGE_LOOP ( 'NONE', ( #791, #779, #451, #199 ) ) ;
#1945 = CARTESIAN_POINT ( 'NONE',  ( 0.8050000000000000500, 0.2849999999999999800, -0.04000000000000000100 ) ) ;
#1946 = DIRECTION ( 'NONE',  ( -0.0000000000000000000, -0.0000000000000000000, 1.000000000000000000 ) ) ;
#1947 = LINE ( 'NONE', #1977, #2871 ) ;
#1948 = ORIENTED_EDGE ( 'NONE', *, *, #2175, .T. ) ;
#1949 = PLANE ( 'NONE',  #3219 ) ;
#1950 = DIRECTION ( 'NONE',  ( -0.0000000000000000000, 1.000000000000000000, -0.0000000000000000000 ) ) ;
#1951 = VERTEX_POINT ( 'NONE', #1535 ) ;
#1952 = AXIS2_PLACEMENT_3D ( 'NONE', #2512, #2761, #625 ) ;
#1953 = EDGE_CURVE ( 'NONE', #1595, #2703, #2217, .T. ) ;
#1954 = CARTESIAN_POINT ( 'NONE',  ( -0.8449999999999996400, -0.2300000000000000100, 0.0000000000000000000 ) ) ;
#1955 = CARTESIAN_POINT ( 'NONE',  ( 0.6300000000000001200, 0.3249999999999999600, -0.09000000000000001100 ) ) ;
#1956 = EDGE_CURVE ( 'NONE', #2325, #1651, #1250, .T. ) ;
#1957 = DIRECTION ( 'NONE',  ( 5.154430176725025800E-016, 1.000000000000000000, 0.0000000000000000000 ) ) ;
#1958 = CARTESIAN_POINT ( 'NONE',  ( 0.8750000000000003300, 0.0000000000000000000, 0.06250000000000000000 ) ) ;
#1959 = DIRECTION ( 'NONE',  ( -1.000000000000000000, 0.0000000000000000000, 0.0000000000000000000 ) ) ;
#1960 = CARTESIAN_POINT ( 'NONE',  ( -0.6750000000000001600, 0.4449999999999999500, 0.06250000000000000000 ) ) ;
#1961 = CARTESIAN_POINT ( 'NONE',  ( -0.6300000000000001200, 0.3249999999999999600, -0.08999999999999999700 ) ) ;
#1962 = FACE_OUTER_BOUND ( 'NONE', #2201, .T. ) ;
#1963 = VERTEX_POINT ( 'NONE', #318 ) ;
#1964 = CARTESIAN_POINT ( 'NONE',  ( 0.8049999999999998300, -0.1250000000000000300, 0.06250000000000000000 ) ) ;
#1965 = LINE ( 'NONE', #1119, #1633 ) ;
#1966 = AXIS2_PLACEMENT_3D ( 'NONE', #1038, #37, #1578 ) ;
#1967 = PLANE ( 'NONE',  #3284 ) ;
#1968 = DIRECTION ( 'NONE',  ( 0.0000000000000000000, -0.0000000000000000000, -1.000000000000000000 ) ) ;
#1969 = DIRECTION ( 'NONE',  ( 0.0000000000000000000, -0.0000000000000000000, -1.000000000000000000 ) ) ;
#1970 = LINE ( 'NONE', #358, #2377 ) ;
#1971 = DIRECTION ( 'NONE',  ( -7.114187483500688500E-017, 0.0000000000000000000, 1.000000000000000000 ) ) ;
#1972 = DIRECTION ( 'NONE',  ( 0.0000000000000000000, 0.0000000000000000000, 1.000000000000000000 ) ) ;
#1973 = ORIENTED_EDGE ( 'NONE', *, *, #2462, .F. ) ;
#1974 = PLANE ( 'NONE',  #1494 ) ;
#1975 = ORIENTED_EDGE ( 'NONE', *, *, #2681, .F. ) ;
#1976 = EDGE_LOOP ( 'NONE', ( #3094, #1302, #1935, #1861 ) ) ;
#1977 = CARTESIAN_POINT ( 'NONE',  ( 0.8049999999999998300, -0.04500000000000001200, -0.08999999999999999700 ) ) ;
#1978 = CARTESIAN_POINT ( 'NONE',  ( -0.8249999999999999600, 0.4449999999999999500, 0.0000000000000000000 ) ) ;
#1979 = DIRECTION ( 'NONE',  ( 0.0000000000000000000, 0.0000000000000000000, -1.000000000000000000 ) ) ;
#1980 = AXIS2_PLACEMENT_3D ( 'NONE', #2060, #417, #1649 ) ;
#1981 = CARTESIAN_POINT ( 'NONE',  ( -0.6750000000000000400, 0.1999999999999999800, 0.06250000000000000000 ) ) ;
#1982 = EDGE_LOOP ( 'NONE', ( #2774, #2214, #1638, #1048, #406, #1381, #377, #1580, #316, #577, #1221, #3001, #302, #478 ) ) ;
#1983 = CYLINDRICAL_SURFACE ( 'NONE', #1200, 0.1250000000000000300 ) ;
#1984 = CARTESIAN_POINT ( 'NONE',  ( -0.7849999999999997000, -0.04500000000000001200, -0.09000000000000001100 ) ) ;
#1985 = LINE ( 'NONE', #2373, #2523 ) ;
#1986 = ORIENTED_EDGE ( 'NONE', *, *, #731, .F. ) ;
#1987 = AXIS2_PLACEMENT_3D ( 'NONE', #1817, #2156, #2441 ) ;
#1988 = DIRECTION ( 'NONE',  ( 0.0000000000000000000, 0.0000000000000000000, 1.000000000000000000 ) ) ;
#1989 = ORIENTED_EDGE ( 'NONE', *, *, #917, .T. ) ;
#1990 = CARTESIAN_POINT ( 'NONE',  ( 0.6949999999999999500, -0.1250000000000000300, -0.09000000000000001100 ) ) ;
#1991 = CARTESIAN_POINT ( 'NONE',  ( 0.6750000000000001600, -0.2500000000000000000, 0.0000000000000000000 ) ) ;
#1992 = VERTEX_POINT ( 'NONE', #953 ) ;
#1993 = STYLED_ITEM ( 'NONE', ( #1347 ), #201 ) ;
#1994 = VECTOR ( 'NONE', #3322, 39.37007874015748100 ) ;
#1995 = DIRECTION ( 'NONE',  ( -1.000000000000000000, 0.0000000000000000000, 0.0000000000000000000 ) ) ;
#1996 = CARTESIAN_POINT ( 'NONE',  ( -0.8249999999999998400, 0.1999999999999999800, 0.06250000000000000000 ) ) ;
#1997 = EDGE_CURVE ( 'NONE', #3017, #1963, #1433, .T. ) ;
#1998 = CARTESIAN_POINT ( 'NONE',  ( -0.8050000000000000500, 0.4049999999999999700, -0.09000000000000001100 ) ) ;
#1999 = ORIENTED_EDGE ( 'NONE', *, *, #2082, .T. ) ;
#2000 = CARTESIAN_POINT ( 'NONE',  ( -0.6550000000000002500, 0.1999999999999999800, 0.0000000000000000000 ) ) ;
#2001 = CARTESIAN_POINT ( 'NONE',  ( -1.365923996832131600E-016, -0.02500000000000001500, 0.0000000000000000000 ) ) ;
#2002 = CARTESIAN_POINT ( 'NONE',  ( 0.6300000000000001200, 0.3249999999999999600, -0.09000000000000001100 ) ) ;
#2003 = FACE_OUTER_BOUND ( 'NONE', #2014, .T. ) ;
#2004 = EDGE_CURVE ( 'NONE', #1752, #1452, #2790, .T. ) ;
#2005 = ORIENTED_EDGE ( 'NONE', *, *, #3073, .F. ) ;
#2006 = CARTESIAN_POINT ( 'NONE',  ( 0.7149999999999999700, -0.02500000000000000500, 0.06250000000000000000 ) ) ;
#2007 = CYLINDRICAL_SURFACE ( 'NONE', #1303, 0.02000000000000005900 ) ;
#2008 = EDGE_CURVE ( 'NONE', #3198, #2548, #970, .T. ) ;
#2009 = ORIENTED_EDGE ( 'NONE', *, *, #3072, .T. ) ;
#2010 = ORIENTED_EDGE ( 'NONE', *, *, #3142, .F. ) ;
#2011 = CARTESIAN_POINT ( 'NONE',  ( -0.6949999999999998400, -0.1250000000000000300, -0.08999999999999999700 ) ) ;
#2012 = CYLINDRICAL_SURFACE ( 'NONE', #359, 0.02000000000000005900 ) ;
#2013 = AXIS2_PLACEMENT_3D ( 'NONE', #942, #651, #1635 ) ;
#2014 = EDGE_LOOP ( 'NONE', ( #567, #1574, #1795, #1207 ) ) ;
#2015 = LINE ( 'NONE', #3048, #2862 ) ;
#2016 = ORIENTED_EDGE ( 'NONE', *, *, #3066, .F. ) ;
#2017 = DIRECTION ( 'NONE',  ( -0.0000000000000000000, 0.0000000000000000000, 1.000000000000000000 ) ) ;
#2018 = ORIENTED_EDGE ( 'NONE', *, *, #162, .F. ) ;
#2019 = CARTESIAN_POINT ( 'NONE',  ( -0.6299999999999997800, -0.1250000000000000300, -0.1399999999999999900 ) ) ;
#2020 = ORIENTED_EDGE ( 'NONE', *, *, #1779, .F. ) ;
#2021 = ADVANCED_FACE ( 'NONE', ( #2494 ), #3215, .T. ) ;
#2022 = ORIENTED_EDGE ( 'NONE', *, *, #1468, .F. ) ;
#2023 = FACE_OUTER_BOUND ( 'NONE', #2979, .T. ) ;
#2024 = CARTESIAN_POINT ( 'NONE',  ( -0.8699999999999997700, -0.1250000000000000300, -0.1400000000000000100 ) ) ;
#2025 = ORIENTED_EDGE ( 'NONE', *, *, #1383, .F. ) ;
#2026 = CARTESIAN_POINT ( 'NONE',  ( 0.0000000000000000000, 0.2849999999999999800, -0.04000000000000000100 ) ) ;
#2027 = CIRCLE ( 'NONE', #2760, 0.02000000000000005900 ) ;
#2028 = ORIENTED_EDGE ( 'NONE', *, *, #292, .F. ) ;
#2029 = CARTESIAN_POINT ( 'NONE',  ( -0.8700000000000000000, 0.3249999999999999600, -0.09000000000000001100 ) ) ;
#2030 = ORIENTED_EDGE ( 'NONE', *, *, #1334, .F. ) ;
#2031 = ADVANCED_FACE ( 'NONE', ( #644 ), #961, .F. ) ;
#2032 = LINE ( 'NONE', #2784, #696 ) ;
#2033 = AXIS2_PLACEMENT_3D ( 'NONE', #3036, #2976, #3300 ) ;
#2034 =( CONVERSION_BASED_UNIT ( 'INCH', #2932 ) LENGTH_UNIT ( ) NAMED_UNIT ( #578 ) );
#2035 = LINE ( 'NONE', #2422, #2712 ) ;
#2036 = VERTEX_POINT ( 'NONE', #1618 ) ;
#2037 = CARTESIAN_POINT ( 'NONE',  ( -0.6950000000000000600, 0.4249999999999999900, -0.08999999999999999700 ) ) ;
#2038 = VERTEX_POINT ( 'NONE', #572 ) ;
#2039 = EDGE_CURVE ( 'NONE', #1544, #2814, #2651, .T. ) ;
#2040 = CARTESIAN_POINT ( 'NONE',  ( -0.8750000000000003300, 0.7750000000000000200, 0.06250000000000000000 ) ) ;
#2041 = CYLINDRICAL_SURFACE ( 'NONE', #1316, 0.02000000000000005900 ) ;
#2042 = VECTOR ( 'NONE', #1292, 39.37007874015748100 ) ;
#2043 = DIRECTION ( 'NONE',  ( 0.0000000000000000000, 0.0000000000000000000, -1.000000000000000000 ) ) ;
#2044 = DIRECTION ( 'NONE',  ( 0.0000000000000000000, -0.0000000000000000000, -1.000000000000000000 ) ) ;
#2045 = CARTESIAN_POINT ( 'NONE',  ( -0.7749999999999999100, -0.8999999999999999100, 0.03750000000000013000 ) ) ;
#2046 = VECTOR ( 'NONE', #2520, 39.37007874015748100 ) ;
#2047 = DIRECTION ( 'NONE',  ( 0.0000000000000000000, 0.0000000000000000000, -1.000000000000000000 ) ) ;
#2048 = VERTEX_POINT ( 'NONE', #912 ) ;
#2049 = SURFACE_STYLE_USAGE ( .BOTH. , #3267 ) ;
#2050 = EDGE_CURVE ( 'NONE', #889, #1951, #3040, .T. ) ;
#2051 = VECTOR ( 'NONE', #3334, 39.37007874015748100 ) ;
#2052 = CARTESIAN_POINT ( 'NONE',  ( 0.7750000000000000200, 0.7749999999999999100, 0.03750000000000013000 ) ) ;
#2053 = ORIENTED_EDGE ( 'NONE', *, *, #522, .F. ) ;
#2054 = AXIS2_PLACEMENT_3D ( 'NONE', #2286, #756, #1001 ) ;
#2055 = ADVANCED_FACE ( 'NONE', ( #338 ), #1121, .T. ) ;
#2056 = CYLINDRICAL_SURFACE ( 'NONE', #3114, 0.02000000000000005900 ) ;
#2057 = ORIENTED_EDGE ( 'NONE', *, *, #678, .T. ) ;
#2058 = CARTESIAN_POINT ( 'NONE',  ( 0.6300000000000001200, 0.3249999999999999600, -0.1400000000000000100 ) ) ;
#2059 = DIRECTION ( 'NONE',  ( 1.000000000000000000, 0.0000000000000000000, 0.0000000000000000000 ) ) ;
#2060 = CARTESIAN_POINT ( 'NONE',  ( -0.6749999999999999300, -0.005000000000000014800, 0.06250000000000000000 ) ) ;
#2061 = AXIS2_PLACEMENT_3D ( 'NONE', #1539, #1172, #2569 ) ;
#2062 = DIRECTION ( 'NONE',  ( -5.154430176725024800E-016, 1.000000000000000000, 0.0000000000000000000 ) ) ;
#2063 = DIRECTION ( 'NONE',  ( 1.000000000000000000, 0.0000000000000000000, 0.0000000000000000000 ) ) ;
#2064 = LINE ( 'NONE', #1143, #2516 ) ;
#2065 = EDGE_CURVE ( 'NONE', #2342, #334, #1289, .T. ) ;
#2066 = ORIENTED_EDGE ( 'NONE', *, *, #3038, .F. ) ;
#2067 = VECTOR ( 'NONE', #2822, 39.37007874015748900 ) ;
#2068 = ORIENTED_EDGE ( 'NONE', *, *, #2721, .F. ) ;
#2069 = FACE_OUTER_BOUND ( 'NONE', #2536, .T. ) ;
#2070 = EDGE_LOOP ( 'NONE', ( #2466, #1761, #2179, #632, #395, #729, #1135, #2586, #2946, #2491, #2609, #1465 ) ) ;
#2071 = DIRECTION ( 'NONE',  ( 0.0000000000000000000, 0.0000000000000000000, -1.000000000000000000 ) ) ;
#2072 = ORIENTED_EDGE ( 'NONE', *, *, #2186, .T. ) ;
#2073 = ADVANCED_FACE ( 'NONE', ( #2069 ), #3126, .F. ) ;
#2074 = CARTESIAN_POINT ( 'NONE',  ( -0.8449999999999999700, 0.4649999999999999700, 0.06250000000000000000 ) ) ;
#2075 = ORIENTED_EDGE ( 'NONE', *, *, #2039, .T. ) ;
#2076 = EDGE_CURVE ( 'NONE', #2038, #889, #3089, .T. ) ;
#2077 = ORIENTED_EDGE ( 'NONE', *, *, #601, .F. ) ;
#2078 = DIRECTION ( 'NONE',  ( 0.0000000000000000000, -0.0000000000000000000, -1.000000000000000000 ) ) ;
#2079 = LINE ( 'NONE', #241, #2629 ) ;
#2080 = ORIENTED_EDGE ( 'NONE', *, *, #439, .T. ) ;
#2081 = EDGE_CURVE ( 'NONE', #2036, #2755, #1448, .T. ) ;
#2082 = EDGE_CURVE ( 'NONE', #2502, #234, #2900, .T. ) ;
#2083 = CARTESIAN_POINT ( 'NONE',  ( 0.8699999999999998800, -0.1250000000000000300, -0.08999999999999999700 ) ) ;
#2084 = FACE_BOUND ( 'NONE', #1982, .T. ) ;
#2085 = EDGE_LOOP ( 'NONE', ( #527, #2931, #2274, #510 ) ) ;
#2086 = CARTESIAN_POINT ( 'NONE',  ( 0.8049999999999998300, -0.04500000000000001200, 0.06250000000000000000 ) ) ;
#2087 = VECTOR ( 'NONE', #3404, 39.37007874015748100 ) ;
#2088 = ORIENTED_EDGE ( 'NONE', *, *, #929, .T. ) ;
#2089 = FACE_OUTER_BOUND ( 'NONE', #920, .T. ) ;
#2090 = EDGE_LOOP ( 'NONE', ( #1432, #3388, #1524, #2313, #2392 ) ) ;
#2091 = CARTESIAN_POINT ( 'NONE',  ( 0.6300000000000001200, 0.4249999999999999900, -0.09000000000000001100 ) ) ;
#2092 = VECTOR ( 'NONE', #3258, 39.37007874015748100 ) ;
#2093 = EDGE_CURVE ( 'NONE', #709, #896, #24, .T. ) ;
#2094 = ORIENTED_EDGE ( 'NONE', *, *, #3395, .T. ) ;
#2095 = DIRECTION ( 'NONE',  ( 0.0000000000000000000, -1.000000000000000000, 0.0000000000000000000 ) ) ;
#2096 = CARTESIAN_POINT ( 'NONE',  ( 0.7750000000000000200, -0.8999999999999999100, 0.06250000000000000000 ) ) ;
#2097 = VECTOR ( 'NONE', #2372, 39.37007874015748100 ) ;
#2098 = ORIENTED_EDGE ( 'NONE', *, *, #2787, .T. ) ;
#2099 = CARTESIAN_POINT ( 'NONE',  ( 0.8700000000000000000, 0.3249999999999999600, -0.08999999999999999700 ) ) ;
#2100 = CARTESIAN_POINT ( 'NONE',  ( -0.8750000000000003300, 0.0000000000000000000, 0.06250000000000000000 ) ) ;
#2101 = AXIS2_PLACEMENT_3D ( 'NONE', #690, #3110, #3054 ) ;
#2102 = DIRECTION ( 'NONE',  ( 0.0000000000000000000, 0.0000000000000000000, -1.000000000000000000 ) ) ;
#2103 = AXIS2_PLACEMENT_3D ( 'NONE', #2280, #1624, #2017 ) ;
#2104 = SURFACE_SIDE_STYLE ('',( #1726 ) ) ;
#2105 = ORIENTED_EDGE ( 'NONE', *, *, #2888, .F. ) ;
#2106 = ADVANCED_FACE ( 'NONE', ( #1846 ), #535, .F. ) ;
#2107 = VERTEX_POINT ( 'NONE', #2045 ) ;
#2108 = VECTOR ( 'NONE', #407, 39.37007874015748100 ) ;
#2109 = CARTESIAN_POINT ( 'NONE',  ( -0.8050000000000000500, 0.3249999999999999600, -0.09000000000000001100 ) ) ;
#2110 = DIRECTION ( 'NONE',  ( -1.000000000000000000, 0.0000000000000000000, 0.0000000000000000000 ) ) ;
#2111 = VECTOR ( 'NONE', #335, 39.37007874015748100 ) ;
#2112 = ORIENTED_EDGE ( 'NONE', *, *, #2742, .T. ) ;
#2113 = CONICAL_SURFACE ( 'NONE', #1272, 0.1000000000000004400, 0.7853981633974422800 ) ;
#2114 = EDGE_CURVE ( 'NONE', #1807, #1814, #1177, .T. ) ;
#2115 = DIRECTION ( 'NONE',  ( -1.000000000000000000, 0.0000000000000000000, 0.0000000000000000000 ) ) ;
#2116 = CARTESIAN_POINT ( 'NONE',  ( -0.6950000000000000600, 0.2199999999999999700, -0.08999999999999999700 ) ) ;
#2117 = LINE ( 'NONE', #2529, #2884 ) ;
#2118 = ADVANCED_FACE ( 'NONE', ( #1076 ), #3167, .T. ) ;
#2119 = ORIENTED_EDGE ( 'NONE', *, *, #3378, .F. ) ;
#2120 = CARTESIAN_POINT ( 'NONE',  ( -0.6749999999999999300, -0.005000000000000014800, 0.0000000000000000000 ) ) ;
#2121 = ORIENTED_EDGE ( 'NONE', *, *, #1275, .T. ) ;
#2122 = CARTESIAN_POINT ( 'NONE',  ( 0.8700000000000000000, 0.3249999999999999600, -0.08999999999999999700 ) ) ;
#2123 = VECTOR ( 'NONE', #1835, 39.37007874015748100 ) ;
#2124 = EDGE_CURVE ( 'NONE', #2814, #1098, #1670, .T. ) ;
#2125 = ORIENTED_EDGE ( 'NONE', *, *, #3005, .F. ) ;
#2126 = DIRECTION ( 'NONE',  ( -0.0000000000000000000, 1.000000000000000000, 0.0000000000000000000 ) ) ;
#2127 = CARTESIAN_POINT ( 'NONE',  ( -0.8249999999999998400, 0.2199999999999999700, 0.06250000000000000000 ) ) ;
#2128 = ORIENTED_EDGE ( 'NONE', *, *, #1183, .T. ) ;
#2129 = VECTOR ( 'NONE', #353, 39.37007874015748100 ) ;
#2130 = EDGE_CURVE ( 'NONE', #2728, #726, #2347, .T. ) ;
#2131 = VERTEX_POINT ( 'NONE', #555 ) ;
#2132 = AXIS2_PLACEMENT_3D ( 'NONE', #2696, #410, #1640 ) ;
#2133 = DIRECTION ( 'NONE',  ( -1.000000000000000000, 0.0000000000000000000, 0.0000000000000000000 ) ) ;
#2134 = DIRECTION ( 'NONE',  ( -1.000000000000000000, 0.0000000000000000000, 0.0000000000000000000 ) ) ;
#2135 = VECTOR ( 'NONE', #3234, 39.37007874015748100 ) ;
#2136 = CARTESIAN_POINT ( 'NONE',  ( -0.8049999999999997200, -0.1250000000000000300, 0.0000000000000000000 ) ) ;
#2137 = DIRECTION ( 'NONE',  ( 0.0000000000000000000, 0.7071067811865435800, -0.7071067811865513500 ) ) ;
#2138 = ORIENTED_EDGE ( 'NONE', *, *, #721, .T. ) ;
#2139 = CARTESIAN_POINT ( 'NONE',  ( -0.8049999999999997200, -0.1650000000000000100, 0.0000000000000000000 ) ) ;
#2140 = EDGE_CURVE ( 'NONE', #1327, #2161, #979, .T. ) ;
#2141 = LINE ( 'NONE', #104, #2395 ) ;
#2142 = DIRECTION ( 'NONE',  ( -0.0000000000000000000, -0.0000000000000000000, 1.000000000000000000 ) ) ;
#2143 = EDGE_CURVE ( 'NONE', #1499, #3257, #1417, .T. ) ;
#2144 = VECTOR ( 'NONE', #948, 39.37007874015748100 ) ;
#2145 = CARTESIAN_POINT ( 'NONE',  ( 0.8050000000000000500, 0.2849999999999999800, 0.0000000000000000000 ) ) ;
#2146 = EDGE_CURVE ( 'NONE', #386, #2382, #1937, .T. ) ;
#2147 = CIRCLE ( 'NONE', #2870, 0.02000000000000005900 ) ;
#2148 = ORIENTED_EDGE ( 'NONE', *, *, #1089, .T. ) ;
#2149 = EDGE_CURVE ( 'NONE', #2909, #258, #322, .T. ) ;
#2150 =( LENGTH_UNIT ( ) NAMED_UNIT ( * ) SI_UNIT ( $, .METRE. ) );
#2151 = ADVANCED_FACE ( 'NONE', ( #574 ), #2541, .F. ) ;
#2152 = ORIENTED_EDGE ( 'NONE', *, *, #2948, .T. ) ;
#2153 = DIRECTION ( 'NONE',  ( -1.000000000000000000, 0.0000000000000000000, 0.0000000000000000000 ) ) ;
#2154 = ORIENTED_EDGE ( 'NONE', *, *, #2721, .T. ) ;
#2155 = EDGE_CURVE ( 'NONE', #1426, #682, #1386, .T. ) ;
#2156 = DIRECTION ( 'NONE',  ( 0.0000000000000000000, 0.0000000000000000000, -1.000000000000000000 ) ) ;
#2157 = DIRECTION ( 'NONE',  ( 0.0000000000000000000, 0.0000000000000000000, -1.000000000000000000 ) ) ;
#2158 = VECTOR ( 'NONE', #2715, 39.37007874015748100 ) ;
#2159 = CARTESIAN_POINT ( 'NONE',  ( 0.6300000000000000000, -0.02500000000000001500, -0.1400000000000000100 ) ) ;
#2160 =( LENGTH_UNIT ( ) NAMED_UNIT ( * ) SI_UNIT ( $, .METRE. ) );
#2161 = VERTEX_POINT ( 'NONE', #1528 ) ;
#2162 = LINE ( 'NONE', #155, #149 ) ;
#2163 = ORIENTED_EDGE ( 'NONE', *, *, #1086, .T. ) ;
#2164 = CARTESIAN_POINT ( 'NONE',  ( -0.6550000000000001400, 0.4449999999999999500, 0.06250000000000000000 ) ) ;
#2165 = CYLINDRICAL_SURFACE ( 'NONE', #402, 0.02000000000000005900 ) ;
#2166 = CARTESIAN_POINT ( 'NONE',  ( 0.6550000000000002500, 0.2199999999999999700, 0.0000000000000000000 ) ) ;
#2167 = ORIENTED_EDGE ( 'NONE', *, *, #3243, .F. ) ;
#2168 = CIRCLE ( 'NONE', #2291, 0.1000000000000004400 ) ;
#2169 = FACE_OUTER_BOUND ( 'NONE', #3240, .T. ) ;
#2170 = APPLICATION_CONTEXT ( 'automotive_design' ) ;
#2171 = ORIENTED_EDGE ( 'NONE', *, *, #3192, .F. ) ;
#2172 = ORIENTED_EDGE ( 'NONE', *, *, #1423, .F. ) ;
#2173 = ORIENTED_EDGE ( 'NONE', *, *, #1337, .T. ) ;
#2174 = CIRCLE ( 'NONE', #1397, 0.02000000000000005900 ) ;
#2175 = EDGE_CURVE ( 'NONE', #1127, #114, #1230, .T. ) ;
#2176 = EDGE_LOOP ( 'NONE', ( #545, #2768, #459, #1986 ) ) ;
#2177 = EDGE_CURVE ( 'NONE', #1807, #1499, #1785, .T. ) ;
#2178 = CIRCLE ( 'NONE', #546, 0.02000000000000005900 ) ;
#2179 = ORIENTED_EDGE ( 'NONE', *, *, #3037, .T. ) ;
#2180 = CARTESIAN_POINT ( 'NONE',  ( -0.8449999999999999700, 0.4649999999999999700, 0.0000000000000000000 ) ) ;
#2181 = VECTOR ( 'NONE', #1950, 39.37007874015748100 ) ;
#2182 = PRESENTATION_LAYER_ASSIGNMENT (  '', '', ( #1993 ) ) ;
#2183 = DIRECTION ( 'NONE',  ( 1.000000000000000000, 5.154430176725024800E-016, 0.0000000000000000000 ) ) ;
#2184 = VECTOR ( 'NONE', #3313, 39.37007874015748100 ) ;
#2185 = ORIENTED_EDGE ( 'NONE', *, *, #2519, .T. ) ;
#2186 = EDGE_CURVE ( 'NONE', #258, #1834, #703, .T. ) ;
#2187 = DIRECTION ( 'NONE',  ( -0.0000000000000000000, -0.0000000000000000000, 1.000000000000000000 ) ) ;
#2188 = EDGE_LOOP ( 'NONE', ( #403, #1306, #1202, #2513 ) ) ;
#2189 = DIRECTION ( 'NONE',  ( -1.000000000000000000, 0.0000000000000000000, 0.0000000000000000000 ) ) ;
#2190 = DIRECTION ( 'NONE',  ( 0.0000000000000000000, 0.0000000000000000000, -1.000000000000000000 ) ) ;
#2191 = VECTOR ( 'NONE', #2308, 39.37007874015748100 ) ;
#2192 = ORIENTED_EDGE ( 'NONE', *, *, #3037, .F. ) ;
#2193 = LINE ( 'NONE', #2566, #1267 ) ;
#2194 = CARTESIAN_POINT ( 'NONE',  ( 0.6300000000000001200, 0.3249999999999999600, -0.09000000000000001100 ) ) ;
#2195 = ORIENTED_EDGE ( 'NONE', *, *, #498, .F. ) ;
#2196 = CARTESIAN_POINT ( 'NONE',  ( -0.6749999999999997100, -0.2500000000000000000, 0.06250000000000000000 ) ) ;
#2197 = EDGE_CURVE ( 'NONE', #2107, #1456, #710, .T. ) ;
#2198 = DIRECTION ( 'NONE',  ( 0.0000000000000000000, 0.0000000000000000000, -1.000000000000000000 ) ) ;
#2199 = CIRCLE ( 'NONE', #3153, 0.02000000000000005900 ) ;
#2200 = DIRECTION ( 'NONE',  ( 0.0000000000000000000, 0.0000000000000000000, -1.000000000000000000 ) ) ;
#2201 = EDGE_LOOP ( 'NONE', ( #1259, #2138, #1778, #1370, #2356, #2452, #2911, #2119 ) ) ;
#2202 = DIRECTION ( 'NONE',  ( -1.000000000000000000, 2.667820306312749300E-015, 0.0000000000000000000 ) ) ;
#2203 = LINE ( 'NONE', #1373, #443 ) ;
#2204 = EDGE_LOOP ( 'NONE', ( #877, #3282, #3172, #2723 ) ) ;
#2205 = CYLINDRICAL_SURFACE ( 'NONE', #135, 0.02000000000000005900 ) ;
#2206 = DIRECTION ( 'NONE',  ( -0.0000000000000000000, -0.0000000000000000000, 1.000000000000000000 ) ) ;
#2207 = DIRECTION ( 'NONE',  ( 1.000000000000000000, 0.0000000000000000000, 0.0000000000000000000 ) ) ;
#2208 = AXIS2_PLACEMENT_3D ( 'NONE', #707, #436, #3150 ) ;
#2209 = LINE ( 'NONE', #1035, #2528 ) ;
#2210 = VERTEX_POINT ( 'NONE', #1356 ) ;
#2211 = CARTESIAN_POINT ( 'NONE',  ( -0.6750000000000000400, 0.2199999999999999700, -0.08999999999999999700 ) ) ;
#2212 = VECTOR ( 'NONE', #2388, 39.37007874015748100 ) ;
#2213 = ADVANCED_FACE ( 'NONE', ( #30 ), #1140, .F. ) ;
#2214 = ORIENTED_EDGE ( 'NONE', *, *, #3132, .T. ) ;
#2215 = VERTEX_POINT ( 'NONE', #3030 ) ;
#2216 = AXIS2_PLACEMENT_3D ( 'NONE', #1625, #656, #1020 ) ;
#2217 = LINE ( 'NONE', #1422, #3170 ) ;
#2218 = CARTESIAN_POINT ( 'NONE',  ( -0.8750000000000003300, -0.7749999999999999100, 0.06250000000000000000 ) ) ;
#2219 = DIRECTION ( 'NONE',  ( 1.000000000000000000, 0.0000000000000000000, 7.114187483500688500E-017 ) ) ;
#2220 = ADVANCED_FACE ( 'NONE', ( #3023 ), #1611, .F. ) ;
#2221 = ORIENTED_EDGE ( 'NONE', *, *, #3142, .T. ) ;
#2222 = EDGE_CURVE ( 'NONE', #1728, #2038, #2690, .T. ) ;
#2223 = DIRECTION ( 'NONE',  ( -0.0000000000000000000, 1.000000000000000000, -0.0000000000000000000 ) ) ;
#2224 = ORIENTED_EDGE ( 'NONE', *, *, #1709, .F. ) ;
#2225 = DIRECTION ( 'NONE',  ( 1.000000000000000000, 0.0000000000000000000, 0.0000000000000000000 ) ) ;
#2226 = VECTOR ( 'NONE', #1133, 39.37007874015748100 ) ;
#2227 = DIRECTION ( 'NONE',  ( 0.0000000000000000000, 0.0000000000000000000, -1.000000000000000000 ) ) ;
#2228 = ORIENTED_EDGE ( 'NONE', *, *, #2504, .T. ) ;
#2229 = CARTESIAN_POINT ( 'NONE',  ( 0.8449999999999998600, -0.005000000000000014800, 0.0000000000000000000 ) ) ;
#2230 = DIRECTION ( 'NONE',  ( 0.0000000000000000000, 0.0000000000000000000, -1.000000000000000000 ) ) ;
#2231 = ORIENTED_EDGE ( 'NONE', *, *, #1406, .F. ) ;
#2232 = EDGE_CURVE ( 'NONE', #234, #3084, #2874, .T. ) ;
#2233 = DIRECTION ( 'NONE',  ( 0.0000000000000000000, -1.000000000000000000, 0.0000000000000000000 ) ) ;
#2234 = ORIENTED_EDGE ( 'NONE', *, *, #3393, .T. ) ;
#2235 = CARTESIAN_POINT ( 'NONE',  ( -0.8699999999999997700, -0.02500000000000001500, -0.09000000000000001100 ) ) ;
#2236 = DIRECTION ( 'NONE',  ( 1.000000000000000000, 0.0000000000000000000, 0.0000000000000000000 ) ) ;
#2237 = ADVANCED_FACE ( 'NONE', ( #1697 ), #218, .F. ) ;
#2238 = DIRECTION ( 'NONE',  ( 0.0000000000000000000, 0.0000000000000000000, -1.000000000000000000 ) ) ;
#2239 = EDGE_CURVE ( 'NONE', #822, #3399, #1721, .T. ) ;
#2240 = DIRECTION ( 'NONE',  ( -0.0000000000000000000, -0.0000000000000000000, 1.000000000000000000 ) ) ;
#2241 = FACE_BOUND ( 'NONE', #1802, .T. ) ;
#2242 = ORIENTED_EDGE ( 'NONE', *, *, #2571, .F. ) ;
#2243 = ORIENTED_EDGE ( 'NONE', *, *, #1709, .T. ) ;
#2244 = LINE ( 'NONE', #1126, #491 ) ;
#2245 = EDGE_CURVE ( 'NONE', #1000, #3198, #3298, .T. ) ;
#2246 = ORIENTED_EDGE ( 'NONE', *, *, #404, .F. ) ;
#2247 = EDGE_CURVE ( 'NONE', #1717, #3109, #3000, .T. ) ;
#2248 = AXIS2_PLACEMENT_3D ( 'NONE', #3021, #3325, #2906 ) ;
#2249 = DIRECTION ( 'NONE',  ( 0.0000000000000000000, 0.0000000000000000000, -1.000000000000000000 ) ) ;
#2250 = ORIENTED_EDGE ( 'NONE', *, *, #79, .F. ) ;
#2251 = ADVANCED_FACE ( 'NONE', ( #3135 ), #1210, .T. ) ;
#2252 = CARTESIAN_POINT ( 'NONE',  ( 0.7750000000000000200, 0.7749999999999999100, 0.0000000000000000000 ) ) ;
#2253 = ORIENTED_EDGE ( 'NONE', *, *, #2828, .T. ) ;
#2254 = DIRECTION ( 'NONE',  ( -0.0000000000000000000, -0.0000000000000000000, 1.000000000000000000 ) ) ;
#2255 = DIRECTION ( 'NONE',  ( -1.000000000000000000, 0.0000000000000000000, 0.0000000000000000000 ) ) ;
#2256 = CARTESIAN_POINT ( 'NONE',  ( 0.7849999999999998100, -0.04500000000000001200, -0.08999999999999999700 ) ) ;
#2257 = ORIENTED_EDGE ( 'NONE', *, *, #1283, .T. ) ;
#2258 = DIRECTION ( 'NONE',  ( -0.0000000000000000000, -0.0000000000000000000, 1.000000000000000000 ) ) ;
#2259 = ORIENTED_EDGE ( 'NONE', *, *, #2004, .T. ) ;
#2260 = ADVANCED_FACE ( 'NONE', ( #589 ), #2012, .F. ) ;
#2261 = CARTESIAN_POINT ( 'NONE',  ( 0.8449999999999998600, 0.1999999999999999800, 0.06250000000000000000 ) ) ;
#2262 = DIRECTION ( 'NONE',  ( -1.000000000000000000, 0.0000000000000000000, 0.0000000000000000000 ) ) ;
#2263 = EDGE_CURVE ( 'NONE', #882, #671, #2844, .T. ) ;
#2264 = LINE ( 'NONE', #875, #2662 ) ;
#2265 = ORIENTED_EDGE ( 'NONE', *, *, #1299, .T. ) ;
#2266 = CARTESIAN_POINT ( 'NONE',  ( 0.6300000000000000000, -0.1250000000000000300, -0.09000000000000001100 ) ) ;
#2267 = EDGE_LOOP ( 'NONE', ( #339, #3178, #2416, #1125, #1320, #519, #1821, #2592 ) ) ;
#2268 = DIRECTION ( 'NONE',  ( -0.0000000000000000000, 1.000000000000000000, -0.0000000000000000000 ) ) ;
#2269 = CARTESIAN_POINT ( 'NONE',  ( 0.8449999999999998600, -0.005000000000000025300, 0.0000000000000000000 ) ) ;
#2270 = LINE ( 'NONE', #2606, #254 ) ;
#2271 = EDGE_LOOP ( 'NONE', ( #2448, #2867, #2105, #1169, #2068, #964, #1007, #173 ) ) ;
#2272 = CARTESIAN_POINT ( 'NONE',  ( 0.8999999999999999100, -0.8999999999999999100, 0.03750000000000013000 ) ) ;
#2273 = VECTOR ( 'NONE', #2421, 39.37007874015748100 ) ;
#2274 = ORIENTED_EDGE ( 'NONE', *, *, #3087, .T. ) ;
#2275 = AXIS2_PLACEMENT_3D ( 'NONE', #1631, #793, #392 ) ;
#2276 = DIRECTION ( 'NONE',  ( -0.0000000000000000000, -0.0000000000000000000, 1.000000000000000000 ) ) ;
#2277 = LINE ( 'NONE', #192, #1307 ) ;
#2278 = ORIENTED_EDGE ( 'NONE', *, *, #1779, .T. ) ;
#2279 = LENGTH_MEASURE_WITH_UNIT ( LENGTH_MEASURE( 0.02539999999999999900 ), #2150 );
#2280 = CARTESIAN_POINT ( 'NONE',  ( -0.6300000000000001200, 0.3249999999999999600, -0.08999999999999999700 ) ) ;
#2281 = ORIENTED_EDGE ( 'NONE', *, *, #262, .F. ) ;
#2282 = DIRECTION ( 'NONE',  ( 0.0000000000000000000, 0.0000000000000000000, -1.000000000000000000 ) ) ;
#2283 = CARTESIAN_POINT ( 'NONE',  ( -0.6949999999999998400, -0.04500000000000001200, -0.08999999999999999700 ) ) ;
#2284 = PLANE ( 'NONE',  #1070 ) ;
#2285 = ORIENTED_EDGE ( 'NONE', *, *, #2543, .T. ) ;
#2286 = CARTESIAN_POINT ( 'NONE',  ( -0.8249999999999998400, 0.2199999999999999700, 0.06250000000000000000 ) ) ;
#2287 = VECTOR ( 'NONE', #1764, 39.37007874015748100 ) ;
#2288 = ORIENTED_EDGE ( 'NONE', *, *, #544, .T. ) ;
#2289 = ORIENTED_EDGE ( 'NONE', *, *, #3356, .F. ) ;
#2290 = CARTESIAN_POINT ( 'NONE',  ( 0.8049999999999998300, -0.1250000000000000300, -0.08999999999999999700 ) ) ;
#2291 = AXIS2_PLACEMENT_3D ( 'NONE', #2725, #2826, #787 ) ;
#2292 = EDGE_LOOP ( 'NONE', ( #2028, #1792, #2497, #2030 ) ) ;
#2293 = FACE_OUTER_BOUND ( 'NONE', #581, .T. ) ;
#2294 = EDGE_LOOP ( 'NONE', ( #2987, #2228, #1328, #3004, #189, #2469, #2836 ) ) ;
#2295 = DIRECTION ( 'NONE',  ( -1.000000000000000000, 0.0000000000000000000, 0.0000000000000000000 ) ) ;
#2296 = LINE ( 'NONE', #1366, #540 ) ;
#2297 = EDGE_LOOP ( 'NONE', ( #1754, #3303, #969, #994 ) ) ;
#2298 = EDGE_CURVE ( 'NONE', #990, #3338, #1286, .T. ) ;
#2299 = AXIS2_PLACEMENT_3D ( 'NONE', #1504, #2945, #2202 ) ;
#2300 = CARTESIAN_POINT ( 'NONE',  ( -0.7849999999999997000, -0.02500000000000000500, 0.06250000000000000000 ) ) ;
#2301 = CARTESIAN_POINT ( 'NONE',  ( 0.8700000000000000000, 0.3249999999999999600, -0.1399999999999999900 ) ) ;
#2302 = VERTEX_POINT ( 'NONE', #2314 ) ;
#2303 = DIRECTION ( 'NONE',  ( -0.0000000000000000000, -0.0000000000000000000, 1.000000000000000000 ) ) ;
#2304 = ADVANCED_FACE ( 'NONE', ( #2464 ), #1245, .T. ) ;
#2305 = DIRECTION ( 'NONE',  ( -0.0000000000000000000, 1.000000000000000000, 0.0000000000000000000 ) ) ;
#2306 = EDGE_CURVE ( 'NONE', #1438, #102, #1073, .T. ) ;
#2307 = CARTESIAN_POINT ( 'NONE',  ( -0.8050000000000000500, 0.3249999999999999600, 0.06250000000000000000 ) ) ;
#2308 = DIRECTION ( 'NONE',  ( -1.000000000000000000, -0.0000000000000000000, -0.0000000000000000000 ) ) ;
#2309 = EDGE_LOOP ( 'NONE', ( #1399, #1612, #3162, #2152 ) ) ;
#2310 = CARTESIAN_POINT ( 'NONE',  ( 0.0000000000000000000, 0.0000000000000000000, 0.0000000000000000000 ) ) ;
#2311 = LINE ( 'NONE', #1181, #1062 ) ;
#2312 = EDGE_CURVE ( 'NONE', #1438, #132, #2929, .T. ) ;
#2313 = ORIENTED_EDGE ( 'NONE', *, *, #1318, .T. ) ;
#2314 = CARTESIAN_POINT ( 'NONE',  ( -0.7749999999999999100, -0.8750000000000003300, 0.06250000000000000000 ) ) ;
#2315 = ORIENTED_EDGE ( 'NONE', *, *, #2531, .F. ) ;
#2316 = CARTESIAN_POINT ( 'NONE',  ( 0.6750000000000001600, 0.4449999999999999500, 0.06250000000000000000 ) ) ;
#2317 = CARTESIAN_POINT ( 'NONE',  ( -0.6950000000000000600, 0.2849999999999999800, -0.04000000000000000100 ) ) ;
#2318 = VECTOR ( 'NONE', #2612, 39.37007874015748100 ) ;
#2319 = APPLICATION_PROTOCOL_DEFINITION ( 'draft international standard', 'automotive_design', 1998, #2984 ) ;
#2320 = CARTESIAN_POINT ( 'NONE',  ( -0.8699999999999997700, -0.1250000000000000300, -0.09000000000000001100 ) ) ;
#2321 = ORIENTED_EDGE ( 'NONE', *, *, #2657, .F. ) ;
#2322 = DIRECTION ( 'NONE',  ( -1.000000000000000000, 0.0000000000000000000, 0.0000000000000000000 ) ) ;
#2323 = FACE_OUTER_BOUND ( 'NONE', #458, .T. ) ;
#2324 = EDGE_CURVE ( 'NONE', #776, #3120, #145, .T. ) ;
#2325 = VERTEX_POINT ( 'NONE', #1457 ) ;
#2326 = ADVANCED_FACE ( 'NONE', ( #396 ), #2549, .F. ) ;
#2327 = CARTESIAN_POINT ( 'NONE',  ( 0.6949999999999999500, -0.04500000000000001200, 0.06250000000000000000 ) ) ;
#2328 = AXIS2_PLACEMENT_3D ( 'NONE', #3283, #2190, #1498 ) ;
#2329 = CARTESIAN_POINT ( 'NONE',  ( 0.7749999999999999100, -0.7749999999999999100, 0.06250000000000000000 ) ) ;
#2330 = FACE_OUTER_BOUND ( 'NONE', #1244, .T. ) ;
#2331 = EDGE_LOOP ( 'NONE', ( #1374, #1117, #1583, #3146 ) ) ;
#2332 = DIRECTION ( 'NONE',  ( 0.0000000000000000000, -1.000000000000000000, 0.0000000000000000000 ) ) ;
#2333 = EDGE_CURVE ( 'NONE', #1041, #671, #3161, .T. ) ;
#2334 = DIRECTION ( 'NONE',  ( 1.000000000000000000, 5.154430176725024800E-016, 0.0000000000000000000 ) ) ;
#2335 = CARTESIAN_POINT ( 'NONE',  ( 0.6750000000000001600, 0.4449999999999999500, 0.0000000000000000000 ) ) ;
#2336 = CARTESIAN_POINT ( 'NONE',  ( 0.7149999999999999700, -0.04500000000000001200, 0.06250000000000000000 ) ) ;
#2337 = CARTESIAN_POINT ( 'NONE',  ( 0.6949999999999999500, -0.1250000000000000300, -0.09000000000000001100 ) ) ;
#2338 = VECTOR ( 'NONE', #2857, 39.37007874015748100 ) ;
#2339 = ORIENTED_EDGE ( 'NONE', *, *, #2641, .T. ) ;
#2340 = DIRECTION ( 'NONE',  ( -1.000000000000000000, 0.0000000000000000000, 0.0000000000000000000 ) ) ;
#2341 = VECTOR ( 'NONE', #47, 39.37007874015748100 ) ;
#2342 = VERTEX_POINT ( 'NONE', #2367 ) ;
#2343 = ORIENTED_EDGE ( 'NONE', *, *, #1067, .T. ) ;
#2344 = EDGE_CURVE ( 'NONE', #2404, #2131, #2455, .T. ) ;
#2345 = CARTESIAN_POINT ( 'NONE',  ( 0.6949999999999999500, -0.1250000000000000300, -0.04000000000000000100 ) ) ;
#2346 = ORIENTED_EDGE ( 'NONE', *, *, #586, .F. ) ;
#2347 = LINE ( 'NONE', #1107, #2097 ) ;
#2348 = DIRECTION ( 'NONE',  ( 0.0000000000000000000, 0.0000000000000000000, -1.000000000000000000 ) ) ;
#2349 = ORIENTED_EDGE ( 'NONE', *, *, #1881, .T. ) ;
#2350 = DIRECTION ( 'NONE',  ( -1.000000000000000000, -0.0000000000000000000, -0.0000000000000000000 ) ) ;
#2351 = CARTESIAN_POINT ( 'NONE',  ( -0.6950000000000000600, 0.2849999999999999800, 0.0000000000000000000 ) ) ;
#2352 = DIRECTION ( 'NONE',  ( -0.7071067811865435800, 0.0000000000000000000, -0.7071067811865513500 ) ) ;
#2353 = ORIENTED_EDGE ( 'NONE', *, *, #2468, .F. ) ;
#2354 = CARTESIAN_POINT ( 'NONE',  ( -1.499999999999999800, -0.1650000000000000100, -0.04000000000000000100 ) ) ;
#2355 = EDGE_CURVE ( 'NONE', #548, #1730, #2672, .T. ) ;
#2356 = ORIENTED_EDGE ( 'NONE', *, *, #236, .F. ) ;
#2357 = DIRECTION ( 'NONE',  ( 0.0000000000000000000, 0.0000000000000000000, 1.000000000000000000 ) ) ;
#2358 = CARTESIAN_POINT ( 'NONE',  ( 0.8049999999999998300, -0.1250000000000000300, -0.08999999999999999700 ) ) ;
#2359 = UNCERTAINTY_MEASURE_WITH_UNIT (LENGTH_MEASURE( 1.000000000000000100E-005 ), #1429, 'distance_accuracy_value', 'NONE');
#2360 = ORIENTED_EDGE ( 'NONE', *, *, #79, .T. ) ;
#2361 = LINE ( 'NONE', #837, #2042 ) ;
#2362 = CARTESIAN_POINT ( 'NONE',  ( -0.8050000000000000500, 0.2199999999999999500, 0.0000000000000000000 ) ) ;
#2363 = FACE_OUTER_BOUND ( 'NONE', #2387, .T. ) ;
#2364 = VERTEX_POINT ( 'NONE', #2711 ) ;
#2365 = EDGE_CURVE ( 'NONE', #86, #1282, #2244, .T. ) ;
#2366 = ADVANCED_FACE ( 'NONE', ( #1514 ), #1489, .T. ) ;
#2367 = CARTESIAN_POINT ( 'NONE',  ( 0.6550000000000001400, 0.4449999999999999500, 0.06250000000000000000 ) ) ;
#2368 = LINE ( 'NONE', #1015, #1502 ) ;
#2369 = CARTESIAN_POINT ( 'NONE',  ( -0.8700000000000000000, 0.3249999999999999600, -0.1400000000000000100 ) ) ;
#2370 = VERTEX_POINT ( 'NONE', #565 ) ;
#2371 = DIRECTION ( 'NONE',  ( -1.000000000000000000, 0.0000000000000000000, 0.0000000000000000000 ) ) ;
#2372 = DIRECTION ( 'NONE',  ( -1.000000000000000000, 0.0000000000000000000, 0.0000000000000000000 ) ) ;
#2373 = CARTESIAN_POINT ( 'NONE',  ( -0.7749999999999999100, -0.8750000000000003300, 0.06250000000000000000 ) ) ;
#2374 = VECTOR ( 'NONE', #1878, 39.37007874015748100 ) ;
#2375 = EDGE_LOOP ( 'NONE', ( #355, #1235, #2522, #126 ) ) ;
#2376 = CARTESIAN_POINT ( 'NONE',  ( -0.7749999999999999100, -0.8999999999999999100, 0.06250000000000000000 ) ) ;
#2377 = VECTOR ( 'NONE', #3088, 39.37007874015748100 ) ;
#2378 = CARTESIAN_POINT ( 'NONE',  ( 0.8449999999999999700, 0.4449999999999999500, 0.06250000000000000000 ) ) ;
#2379 = ORIENTED_EDGE ( 'NONE', *, *, #2365, .T. ) ;
#2380 = VECTOR ( 'NONE', #227, 39.37007874015748100 ) ;
#2381 = DIRECTION ( 'NONE',  ( 0.0000000000000000000, -0.0000000000000000000, -1.000000000000000000 ) ) ;
#2382 = VERTEX_POINT ( 'NONE', #2518 ) ;
#2383 = AXIS2_PLACEMENT_3D ( 'NONE', #1696, #1933, #32 ) ;
#2384 = DIRECTION ( 'NONE',  ( 0.0000000000000000000, 0.0000000000000000000, 1.000000000000000000 ) ) ;
#2385 = EDGE_CURVE ( 'NONE', #1012, #2302, #1559, .T. ) ;
#2386 = MECHANICAL_DESIGN_GEOMETRIC_PRESENTATION_REPRESENTATION (  '', ( #1993 ), #2559 ) ;
#2387 = EDGE_LOOP ( 'NONE', ( #1358, #1081, #1239, #1826, #2066, #502, #3226, #1178 ) ) ;
#2388 = DIRECTION ( 'NONE',  ( -0.0000000000000000000, 1.000000000000000000, -0.0000000000000000000 ) ) ;
#2389 = DIRECTION ( 'NONE',  ( 0.0000000000000000000, 0.0000000000000000000, -1.000000000000000000 ) ) ;
#2390 = DIRECTION ( 'NONE',  ( 0.0000000000000000000, 1.000000000000000000, 0.0000000000000000000 ) ) ;
#2391 = AXIS2_PLACEMENT_3D ( 'NONE', #2601, #1439, #2225 ) ;
#2392 = ORIENTED_EDGE ( 'NONE', *, *, #1046, .T. ) ;
#2393 = FACE_OUTER_BOUND ( 'NONE', #150, .T. ) ;
#2394 = ORIENTED_EDGE ( 'NONE', *, *, #1408, .T. ) ;
#2395 = VECTOR ( 'NONE', #777, 39.37007874015748100 ) ;
#2396 = EDGE_LOOP ( 'NONE', ( #784, #1681, #332, #183 ) ) ;
#2397 = VECTOR ( 'NONE', #639, 39.37007874015748100 ) ;
#2398 = ORIENTED_EDGE ( 'NONE', *, *, #1705, .T. ) ;
#2399 = CARTESIAN_POINT ( 'NONE',  ( -0.8699999999999997700, -0.02500000000000001500, -0.1400000000000000100 ) ) ;
#2400 = DIRECTION ( 'NONE',  ( 0.0000000000000000000, 0.0000000000000000000, -1.000000000000000000 ) ) ;
#2401 = DIMENSIONAL_EXPONENTS ( 1.000000000000000000, 0.0000000000000000000, 0.0000000000000000000, 0.0000000000000000000, 0.0000000000000000000, 0.0000000000000000000, 0.0000000000000000000 ) ;
#2402 = DIRECTION ( 'NONE',  ( 0.0000000000000000000, 0.0000000000000000000, 1.000000000000000000 ) ) ;
#2403 = CARTESIAN_POINT ( 'NONE',  ( -0.8250000000000000700, 0.1999999999999999600, 0.06250000000000000000 ) ) ;
#2404 = VERTEX_POINT ( 'NONE', #716 ) ;
#2405 = FACE_OUTER_BOUND ( 'NONE', #336, .T. ) ;
#2406 = EDGE_CURVE ( 'NONE', #1346, #1313, #2570, .T. ) ;
#2407 = AXIS2_PLACEMENT_3D ( 'NONE', #2317, #1228, #3308 ) ;
#2408 = COLOUR_RGB ( '',0.1137254901960784300, 0.1137254901960784300, 0.1137254901960784300 ) ;
#2409 = ORIENTED_EDGE ( 'NONE', *, *, #2617, .F. ) ;
#2410 = FACE_BOUND ( 'NONE', #2070, .T. ) ;
#2411 = ORIENTED_EDGE ( 'NONE', *, *, #2710, .T. ) ;
#2412 = DIRECTION ( 'NONE',  ( 0.0000000000000000000, 0.0000000000000000000, -1.000000000000000000 ) ) ;
#2413 = CARTESIAN_POINT ( 'NONE',  ( 0.6950000000000000600, 0.2199999999999999500, 0.0000000000000000000 ) ) ;
#2414 = CARTESIAN_POINT ( 'NONE',  ( -0.8249999999999998400, -0.2500000000000000600, 0.06250000000000000000 ) ) ;
#2415 = CIRCLE ( 'NONE', #788, 0.02000000000000005900 ) ;
#2416 = ORIENTED_EDGE ( 'NONE', *, *, #2692, .T. ) ;
#2417 = CARTESIAN_POINT ( 'NONE',  ( -0.8700000000000000000, 0.3249999999999999600, -0.09000000000000001100 ) ) ;
#2418 = EDGE_CURVE ( 'NONE', #1282, #2474, #2815, .T. ) ;
#2419 = LINE ( 'NONE', #629, #240 ) ;
#2420 = VERTEX_POINT ( 'NONE', #3101 ) ;
#2421 = DIRECTION ( 'NONE',  ( -0.0000000000000000000, -0.0000000000000000000, 1.000000000000000000 ) ) ;
#2422 = CARTESIAN_POINT ( 'NONE',  ( -0.8699999999999997700, -0.1250000000000000300, -0.1400000000000000100 ) ) ;
#2423 = FACE_OUTER_BOUND ( 'NONE', #1249, .T. ) ;
#2424 = VERTEX_POINT ( 'NONE', #1247 ) ;
#2425 = ADVANCED_FACE ( 'NONE', ( #3273 ), #1816, .F. ) ;
#2426 = PLANE ( 'NONE',  #1751 ) ;
#2427 = DIRECTION ( 'NONE',  ( 0.0000000000000000000, 0.0000000000000000000, -1.000000000000000000 ) ) ;
#2428 = AXIS2_PLACEMENT_3D ( 'NONE', #1130, #1092, #222 ) ;
#2429 = ORIENTED_EDGE ( 'NONE', *, *, #162, .T. ) ;
#2430 = ADVANCED_FACE ( 'NONE', ( #1488 ), #2966, .T. ) ;
#2431 = CARTESIAN_POINT ( 'NONE',  ( -1.499999999999999800, -0.02500000000000001500, 0.0000000000000000000 ) ) ;
#2432 = VERTEX_POINT ( 'NONE', #2040 ) ;
#2433 = ADVANCED_FACE ( 'NONE', ( #1216 ), #1510, .F. ) ;
#2434 = VECTOR ( 'NONE', #960, 39.37007874015748100 ) ;
#2435 = ORIENTED_EDGE ( 'NONE', *, *, #2524, .T. ) ;
#2436 = CARTESIAN_POINT ( 'NONE',  ( -0.8249999999999995100, -0.2500000000000000000, 0.06250000000000000000 ) ) ;
#2437 = ADVANCED_FACE ( 'NONE', ( #691 ), #1655, .F. ) ;
#2438 = DIRECTION ( 'NONE',  ( 0.0000000000000000000, 0.0000000000000000000, -1.000000000000000000 ) ) ;
#2439 = ORIENTED_EDGE ( 'NONE', *, *, #498, .T. ) ;
#2440 = AXIS2_PLACEMENT_3D ( 'NONE', #1955, #231, #2708 ) ;
#2441 = DIRECTION ( 'NONE',  ( -1.000000000000000000, 0.0000000000000000000, 0.0000000000000000000 ) ) ;
#2442 = EDGE_LOOP ( 'NONE', ( #904, #1593, #2005, #862 ) ) ;
#2443 = CARTESIAN_POINT ( 'NONE',  ( 0.6950000000000000600, 0.3249999999999999600, -0.09000000000000001100 ) ) ;
#2444 = VERTEX_POINT ( 'NONE', #2778 ) ;
#2445 = DIRECTION ( 'NONE',  ( 0.0000000000000000000, -1.000000000000000000, 0.0000000000000000000 ) ) ;
#2446 = AXIS2_PLACEMENT_3D ( 'NONE', #2562, #1902, #892 ) ;
#2447 = LINE ( 'NONE', #963, #734 ) ;
#2448 = ORIENTED_EDGE ( 'NONE', *, *, #1758, .F. ) ;
#2449 = PLANE ( 'NONE',  #658 ) ;
#2450 = EDGE_LOOP ( 'NONE', ( #3070, #1351, #348, #1636 ) ) ;
#2451 = ADVANCED_FACE ( 'NONE', ( #803 ), #109, .F. ) ;
#2452 = ORIENTED_EDGE ( 'NONE', *, *, #10, .F. ) ;
#2453 = CARTESIAN_POINT ( 'NONE',  ( -0.7150000000000001900, 0.4249999999999999900, -0.08999999999999999700 ) ) ;
#2454 = EDGE_CURVE ( 'NONE', #1412, #808, #2959, .T. ) ;
#2455 = LINE ( 'NONE', #2595, #2318 ) ;
#2456 = CARTESIAN_POINT ( 'NONE',  ( -0.8449999999999999700, 0.4449999999999999500, 0.06250000000000000000 ) ) ;
#2457 = EDGE_CURVE ( 'NONE', #1231, #2364, #1942, .T. ) ;
#2458 = VECTOR ( 'NONE', #311, 39.37007874015748900 ) ;
#2459 = EDGE_LOOP ( 'NONE', ( #926, #3182, #65, #1182, #2656, #50, #484, #160, #460, #2018, #695, #1340, #2630, #3202 ) ) ;
#2460 = DIRECTION ( 'NONE',  ( 5.154430176725024800E-016, -1.000000000000000000, -0.0000000000000000000 ) ) ;
#2461 = ORIENTED_EDGE ( 'NONE', *, *, #1911, .F. ) ;
#2462 = EDGE_CURVE ( 'NONE', #3377, #323, #541, .T. ) ;
#2463 = ORIENTED_EDGE ( 'NONE', *, *, #547, .T. ) ;
#2464 = FACE_OUTER_BOUND ( 'NONE', #936, .T. ) ;
#2465 = EDGE_CURVE ( 'NONE', #1098, #2759, #1734, .T. ) ;
#2466 = ORIENTED_EDGE ( 'NONE', *, *, #2076, .T. ) ;
#2467 = VECTOR ( 'NONE', #3380, 39.37007874015748100 ) ;
#2468 = EDGE_CURVE ( 'NONE', #1698, #437, #1869, .T. ) ;
#2469 = ORIENTED_EDGE ( 'NONE', *, *, #21, .F. ) ;
#2470 = ORIENTED_EDGE ( 'NONE', *, *, #849, .F. ) ;
#2471 = DIRECTION ( 'NONE',  ( -0.0000000000000000000, -0.0000000000000000000, 1.000000000000000000 ) ) ;
#2472 = CARTESIAN_POINT ( 'NONE',  ( 0.6749999999999999300, -0.2300000000000000400, 0.06250000000000000000 ) ) ;
#2473 = ADVANCED_FACE ( 'NONE', ( #3065 ), #634, .F. ) ;
#2474 = VERTEX_POINT ( 'NONE', #2893 ) ;
#2475 = EDGE_CURVE ( 'NONE', #2814, #132, #853, .T. ) ;
#2476 = LINE ( 'NONE', #2565, #2135 ) ;
#2477 = CARTESIAN_POINT ( 'NONE',  ( -0.7749999999999999100, -0.7749999999999999100, 0.06250000000000000000 ) ) ;
#2478 = PRODUCT_DEFINITION_CONTEXT ( 'detailed design', #2170, 'design' ) ;
#2479 = CARTESIAN_POINT ( 'NONE',  ( -0.7149999999999998600, -0.04500000000000001200, -0.08999999999999999700 ) ) ;
#2480 = CARTESIAN_POINT ( 'NONE',  ( 0.8999999999999999100, -0.7749999999999999100, 0.0000000000000000000 ) ) ;
#2481 = ORIENTED_EDGE ( 'NONE', *, *, #1911, .T. ) ;
#2482 = DIRECTION ( 'NONE',  ( 1.000000000000000000, -0.0000000000000000000, -0.0000000000000000000 ) ) ;
#2483 = AXIS2_PLACEMENT_3D ( 'NONE', #97, #1733, #411 ) ;
#2484 = VECTOR ( 'NONE', #3329, 39.37007874015748100 ) ;
#2485 = CARTESIAN_POINT ( 'NONE',  ( -0.6949999999999998400, -0.1250000000000000300, -0.08999999999999999700 ) ) ;
#2486 = CARTESIAN_POINT ( 'NONE',  ( 0.8699999999999998800, -0.1250000000000000300, -0.08999999999999999700 ) ) ;
#2487 = CARTESIAN_POINT ( 'NONE',  ( 0.6750000000000000400, -0.005000000000000023500, 0.0000000000000000000 ) ) ;
#2488 = VECTOR ( 'NONE', #1261, 39.37007874015748100 ) ;
#2489 = LINE ( 'NONE', #2290, #2915 ) ;
#2490 = CARTESIAN_POINT ( 'NONE',  ( 0.8050000000000000500, 0.3249999999999999600, -0.08999999999999999700 ) ) ;
#2491 = ORIENTED_EDGE ( 'NONE', *, *, #1506, .T. ) ;
#2492 = FACE_OUTER_BOUND ( 'NONE', #616, .T. ) ;
#2493 = UNCERTAINTY_MEASURE_WITH_UNIT (LENGTH_MEASURE( 1.000000000000000100E-005 ), #507, 'distance_accuracy_value', 'NONE');
#2494 = FACE_OUTER_BOUND ( 'NONE', #297, .T. ) ;
#2495 = CARTESIAN_POINT ( 'NONE',  ( 0.6750000000000001600, 0.4649999999999999700, 0.0000000000000000000 ) ) ;
#2496 = CARTESIAN_POINT ( 'NONE',  ( 0.8999999999999999100, 0.7750000000000000200, 0.06250000000000000000 ) ) ;
#2497 = ORIENTED_EDGE ( 'NONE', *, *, #330, .F. ) ;
#2498 = VECTOR ( 'NONE', #2724, 39.37007874015748100 ) ;
#2499 = AXIS2_PLACEMENT_3D ( 'NONE', #1773, #2924, #1029 ) ;
#2500 = DIRECTION ( 'NONE',  ( 0.0000000000000000000, 0.0000000000000000000, -1.000000000000000000 ) ) ;
#2501 = ORIENTED_EDGE ( 'NONE', *, *, #61, .F. ) ;
#2502 = VERTEX_POINT ( 'NONE', #2145 ) ;
#2503 = CIRCLE ( 'NONE', #2299, 0.02000000000000005900 ) ;
#2504 = EDGE_CURVE ( 'NONE', #2925, #2634, #78, .T. ) ;
#2505 = VERTEX_POINT ( 'NONE', #1033 ) ;
#2506 = DIRECTION ( 'NONE',  ( 0.0000000000000000000, 0.0000000000000000000, -1.000000000000000000 ) ) ;
#2507 = DIRECTION ( 'NONE',  ( 0.0000000000000000000, 0.0000000000000000000, -1.000000000000000000 ) ) ;
#2508 = AXIS2_PLACEMENT_3D ( 'NONE', #345, #19, #2357 ) ;
#2509 = CIRCLE ( 'NONE', #120, 0.04000000000000000100 ) ;
#2510 = ORIENTED_EDGE ( 'NONE', *, *, #3127, .T. ) ;
#2511 = AXIS2_PLACEMENT_3D ( 'NONE', #2810, #1927, #427 ) ;
#2512 = CARTESIAN_POINT ( 'NONE',  ( -0.6550000000000000300, -0.2500000000000000000, 0.06250000000000000000 ) ) ;
#2513 = ORIENTED_EDGE ( 'NONE', *, *, #2846, .T. ) ;
#2514 = CARTESIAN_POINT ( 'NONE',  ( -0.6549999999999998000, -0.005000000000000014800, 0.06250000000000000000 ) ) ;
#2515 = VERTEX_POINT ( 'NONE', #1258 ) ;
#2516 = VECTOR ( 'NONE', #2390, 39.37007874015748100 ) ;
#2517 = DIRECTION ( 'NONE',  ( 0.0000000000000000000, 0.0000000000000000000, 1.000000000000000000 ) ) ;
#2518 = CARTESIAN_POINT ( 'NONE',  ( -0.8999999999999999100, 0.7750000000000000200, 0.0000000000000000000 ) ) ;
#2519 = EDGE_CURVE ( 'NONE', #2644, #1185, #3367, .T. ) ;
#2520 = DIRECTION ( 'NONE',  ( -0.0000000000000000000, -1.000000000000000000, -0.0000000000000000000 ) ) ;
#2521 = VECTOR ( 'NONE', #722, 39.37007874015748100 ) ;
#2522 = ORIENTED_EDGE ( 'NONE', *, *, #1727, .F. ) ;
#2523 = VECTOR ( 'NONE', #455, 39.37007874015748900 ) ;
#2524 = EDGE_CURVE ( 'NONE', #743, #2107, #861, .T. ) ;
#2525 = ORIENTED_EDGE ( 'NONE', *, *, #2692, .F. ) ;
#2526 = CARTESIAN_POINT ( 'NONE',  ( 0.8249999999999999600, -0.2300000000000000100, 0.06250000000000000000 ) ) ;
#2527 = CARTESIAN_POINT ( 'NONE',  ( -0.6750000000000001600, 0.4449999999999999500, 0.06250000000000000000 ) ) ;
#2528 = VECTOR ( 'NONE', #2675, 39.37007874015748100 ) ;
#2529 = CARTESIAN_POINT ( 'NONE',  ( 0.8700000000000000000, 0.3249999999999999600, -0.1399999999999999900 ) ) ;
#2530 = EDGE_CURVE ( 'NONE', #3280, #609, #3111, .T. ) ;
#2531 = EDGE_CURVE ( 'NONE', #1698, #86, #2509, .T. ) ;
#2532 = STYLED_ITEM ( 'NONE', ( #746 ), #517 ) ;
#2533 = ORIENTED_EDGE ( 'NONE', *, *, #148, .F. ) ;
#2534 = DIRECTION ( 'NONE',  ( 1.000000000000000000, 0.0000000000000000000, -0.0000000000000000000 ) ) ;
#2535 = DIRECTION ( 'NONE',  ( -0.0000000000000000000, 1.000000000000000000, -0.0000000000000000000 ) ) ;
#2536 = EDGE_LOOP ( 'NONE', ( #2285, #2762, #857, #3006, #1867 ) ) ;
#2537 = EDGE_CURVE ( 'NONE', #1654, #274, #131, .T. ) ;
#2538 = CARTESIAN_POINT ( 'NONE',  ( -0.7150000000000001900, 0.4049999999999999700, 0.06250000000000000000 ) ) ;
#2539 = CIRCLE ( 'NONE', #2511, 0.02000000000000005900 ) ;
#2540 = VERTEX_POINT ( 'NONE', #1158 ) ;
#2541 = PLANE ( 'NONE',  #1775 ) ;
#2542 = CARTESIAN_POINT ( 'NONE',  ( -0.8050000000000000500, 0.2849999999999999800, 0.0000000000000000000 ) ) ;
#2543 = EDGE_CURVE ( 'NONE', #2364, #896, #166, .T. ) ;
#2544 = VECTOR ( 'NONE', #922, 39.37007874015748100 ) ;
#2545 = ADVANCED_FACE ( 'NONE', ( #3272 ), #704, .F. ) ;
#2546 = ORIENTED_EDGE ( 'NONE', *, *, #1067, .F. ) ;
#2547 = DIRECTION ( 'NONE',  ( 1.000000000000000000, 0.0000000000000000000, -0.0000000000000000000 ) ) ;
#2548 = VERTEX_POINT ( 'NONE', #1392 ) ;
#2549 = CYLINDRICAL_SURFACE ( 'NONE', #1190, 0.04000000000000000100 ) ;
#2550 = EDGE_CURVE ( 'NONE', #1000, #1714, #2941, .T. ) ;
#2551 = ORIENTED_EDGE ( 'NONE', *, *, #21, .T. ) ;
#2552 = AXIS2_PLACEMENT_3D ( 'NONE', #1960, #457, #2110 ) ;
#2553 = ORIENTED_EDGE ( 'NONE', *, *, #828, .T. ) ;
#2554 = CIRCLE ( 'NONE', #2580, 0.02000000000000005900 ) ;
#2555 = CARTESIAN_POINT ( 'NONE',  ( -0.7749999999999999100, -0.7749999999999999100, 0.0000000000000000000 ) ) ;
#2556 = CARTESIAN_POINT ( 'NONE',  ( 0.8449999999999999700, 0.4449999999999999500, 0.0000000000000000000 ) ) ;
#2557 = ADVANCED_FACE ( 'NONE', ( #2023 ), #2882, .T. ) ;
#2558 = ORIENTED_EDGE ( 'NONE', *, *, #941, .T. ) ;
#2559 =( GEOMETRIC_REPRESENTATION_CONTEXT ( 3 ) GLOBAL_UNCERTAINTY_ASSIGNED_CONTEXT ( ( #2359 ) ) GLOBAL_UNIT_ASSIGNED_CONTEXT ( ( #1429, #771, #2977 ) ) REPRESENTATION_CONTEXT ( 'NONE', 'WORKASPACE' ) );
#2560 = DIRECTION ( 'NONE',  ( 0.0000000000000000000, -1.000000000000000000, 0.0000000000000000000 ) ) ;
#2561 = ORIENTED_EDGE ( 'NONE', *, *, #798, .F. ) ;
#2562 = CARTESIAN_POINT ( 'NONE',  ( 0.6750000000000000400, 0.2199999999999999500, 0.0000000000000000000 ) ) ;
#2563 = ORIENTED_EDGE ( 'NONE', *, *, #3063, .T. ) ;
#2564 = CIRCLE ( 'NONE', #1208, 0.02000000000000005900 ) ;
#2565 = CARTESIAN_POINT ( 'NONE',  ( -0.8249999999999996200, 0.01499999999999997700, 0.0000000000000000000 ) ) ;
#2566 = CARTESIAN_POINT ( 'NONE',  ( 0.6550000000000001400, 0.4449999999999999500, 0.06250000000000000000 ) ) ;
#2567 = VERTEX_POINT ( 'NONE', #576 ) ;
#2568 = CARTESIAN_POINT ( 'NONE',  ( 0.8699999999999998800, -0.02500000000000001500, -0.08999999999999999700 ) ) ;
#2569 = DIRECTION ( 'NONE',  ( -1.000000000000000000, -1.707404996040159400E-015, 0.0000000000000000000 ) ) ;
#2570 = LINE ( 'NONE', #504, #161 ) ;
#2571 = EDGE_CURVE ( 'NONE', #258, #9, #1819, .T. ) ;
#2572 = VERTEX_POINT ( 'NONE', #1395 ) ;
#2573 = DIRECTION ( 'NONE',  ( -0.0000000000000000000, -0.0000000000000000000, 1.000000000000000000 ) ) ;
#2574 = LINE ( 'NONE', #305, #2868 ) ;
#2575 = ADVANCED_FACE ( 'NONE', ( #300 ), #1677, .F. ) ;
#2576 = DIRECTION ( 'NONE',  ( -1.000000000000000000, 5.154430176725025800E-016, 0.0000000000000000000 ) ) ;
#2577 = CIRCLE ( 'NONE', #818, 0.02000000000000005900 ) ;
#2578 = ADVANCED_FACE ( 'NONE', ( #1390 ), #3328, .F. ) ;
#2579 = VERTEX_POINT ( 'NONE', #2369 ) ;
#2580 = AXIS2_PLACEMENT_3D ( 'NONE', #3346, #2198, #2754 ) ;
#2581 = DIRECTION ( 'NONE',  ( -5.154430176725024800E-016, 1.000000000000000000, 0.0000000000000000000 ) ) ;
#2582 = CARTESIAN_POINT ( 'NONE',  ( 0.0000000000000000000, 0.4249999999999999900, 0.0000000000000000000 ) ) ;
#2583 = VECTOR ( 'NONE', #812, 39.37007874015748100 ) ;
#2584 = CARTESIAN_POINT ( 'NONE',  ( 0.8050000000000000500, 0.2849999999999999800, 0.0000000000000000000 ) ) ;
#2585 = VECTOR ( 'NONE', #526, 39.37007874015748100 ) ;
#2586 = ORIENTED_EDGE ( 'NONE', *, *, #2406, .T. ) ;
#2587 = FACE_OUTER_BOUND ( 'NONE', #2731, .T. ) ;
#2588 = VERTEX_POINT ( 'NONE', #1226 ) ;
#2589 = EDGE_LOOP ( 'NONE', ( #3361, #1211, #3095, #2246 ) ) ;
#2590 = CARTESIAN_POINT ( 'NONE',  ( -0.6550000000000002500, 0.1999999999999999800, 0.06250000000000000000 ) ) ;
#2591 = DIRECTION ( 'NONE',  ( 0.0000000000000000000, -0.0000000000000000000, -1.000000000000000000 ) ) ;
#2592 = ORIENTED_EDGE ( 'NONE', *, *, #2155, .T. ) ;
#2593 = LINE ( 'NONE', #3191, #3128 ) ;
#2594 = DIRECTION ( 'NONE',  ( -1.000000000000000000, 0.0000000000000000000, 0.0000000000000000000 ) ) ;
#2595 = CARTESIAN_POINT ( 'NONE',  ( 0.8049999999999998300, -0.2300000000000000100, -0.08999999999999999700 ) ) ;
#2596 = CARTESIAN_POINT ( 'NONE',  ( 0.6550000000000002500, 0.1999999999999999600, 0.06250000000000000000 ) ) ;
#2597 = AXIS2_PLACEMENT_3D ( 'NONE', #1768, #144, #2262 ) ;
#2598 = DIRECTION ( 'NONE',  ( 0.0000000000000000000, 0.0000000000000000000, -1.000000000000000000 ) ) ;
#2599 = CARTESIAN_POINT ( 'NONE',  ( 0.6750000000000001600, -0.2300000000000000100, 0.06250000000000000000 ) ) ;
#2600 = EDGE_LOOP ( 'NONE', ( #14, #1894, #1694, #1043 ) ) ;
#2601 = CARTESIAN_POINT ( 'NONE',  ( -0.8249999999999995100, -0.2300000000000000100, 0.06250000000000000000 ) ) ;
#2602 = DIRECTION ( 'NONE',  ( 1.000000000000000000, 5.154430176725024800E-016, 0.0000000000000000000 ) ) ;
#2603 = ORIENTED_EDGE ( 'NONE', *, *, #921, .T. ) ;
#2604 = DIRECTION ( 'NONE',  ( 0.0000000000000000000, 0.0000000000000000000, -1.000000000000000000 ) ) ;
#2605 = ADVANCED_FACE ( 'NONE', ( #232 ), #139, .F. ) ;
#2606 = CARTESIAN_POINT ( 'NONE',  ( 0.8699999999999998800, -0.1250000000000000300, -0.08999999999999999700 ) ) ;
#2607 = VECTOR ( 'NONE', #1750, 39.37007874015748100 ) ;
#2608 = VERTEX_POINT ( 'NONE', #2099 ) ;
#2609 = ORIENTED_EDGE ( 'NONE', *, *, #1727, .T. ) ;
#2610 = EDGE_CURVE ( 'NONE', #1790, #548, #186, .T. ) ;
#2611 = EDGE_CURVE ( 'NONE', #1185, #1438, #2277, .T. ) ;
#2612 = DIRECTION ( 'NONE',  ( 0.0000000000000000000, 0.0000000000000000000, -1.000000000000000000 ) ) ;
#2613 = DIRECTION ( 'NONE',  ( -1.000000000000000000, 0.0000000000000000000, 0.0000000000000000000 ) ) ;
#2614 = EDGE_LOOP ( 'NONE', ( #2171, #1477, #64, #1904 ) ) ;
#2615 = CARTESIAN_POINT ( 'NONE',  ( -0.8050000000000000500, 0.3249999999999999600, -0.09000000000000001100 ) ) ;
#2616 = CYLINDRICAL_SURFACE ( 'NONE', #976, 0.02000000000000005900 ) ;
#2617 = EDGE_CURVE ( 'NONE', #22, #2588, #319, .T. ) ;
#2618 = ORIENTED_EDGE ( 'NONE', *, *, #744, .T. ) ;
#2619 = AXIS2_PLACEMENT_3D ( 'NONE', #2120, #2187, #489 ) ;
#2620 = CIRCLE ( 'NONE', #1450, 0.02000000000000005900 ) ;
#2621 = ORIENTED_EDGE ( 'NONE', *, *, #321, .T. ) ;
#2622 = AXIS2_PLACEMENT_3D ( 'NONE', #2655, #642, #3157 ) ;
#2623 = VERTEX_POINT ( 'NONE', #1690 ) ;
#2624 = DIRECTION ( 'NONE',  ( 0.0000000000000000000, 0.0000000000000000000, 1.000000000000000000 ) ) ;
#2625 = AXIS2_PLACEMENT_3D ( 'NONE', #880, #3160, #643 ) ;
#2626 = ORIENTED_EDGE ( 'NONE', *, *, #1756, .F. ) ;
#2627 = VERTEX_POINT ( 'NONE', #2664 ) ;
#2628 = EDGE_CURVE ( 'NONE', #2515, #648, #2554, .T. ) ;
#2629 = VECTOR ( 'NONE', #1707, 39.37007874015748100 ) ;
#2630 = ORIENTED_EDGE ( 'NONE', *, *, #2306, .F. ) ;
#2631 = CARTESIAN_POINT ( 'NONE',  ( -0.8999999999999999100, -0.8999999999999999100, 0.0000000000000000000 ) ) ;
#2632 = ORIENTED_EDGE ( 'NONE', *, *, #2674, .F. ) ;
#2633 = VECTOR ( 'NONE', #1739, 39.37007874015748100 ) ;
#2634 = VERTEX_POINT ( 'NONE', #2697 ) ;
#2635 = EDGE_CURVE ( 'NONE', #776, #2420, #952, .T. ) ;
#2636 = CARTESIAN_POINT ( 'NONE',  ( 0.7750000000000000200, 0.8750000000000003300, 0.06250000000000000000 ) ) ;
#2637 = CARTESIAN_POINT ( 'NONE',  ( 0.6300000000000000000, -0.1250000000000000300, -0.1400000000000000100 ) ) ;
#2638 = CARTESIAN_POINT ( 'NONE',  ( -0.8750000000000003300, 0.7750000000000000200, 0.06250000000000000000 ) ) ;
#2639 = CIRCLE ( 'NONE', #524, 0.1250000000000000300 ) ;
#2640 = VERTEX_POINT ( 'NONE', #1996 ) ;
#2641 = EDGE_CURVE ( 'NONE', #529, #473, #461, .T. ) ;
#2642 = EDGE_CURVE ( 'NONE', #1012, #343, #2666, .T. ) ;
#2643 = AXIS2_PLACEMENT_3D ( 'NONE', #2329, #324, #3232 ) ;
#2644 = VERTEX_POINT ( 'NONE', #2453 ) ;
#2645 = AXIS2_PLACEMENT_3D ( 'NONE', #3368, #1401, #580 ) ;
#2646 = CARTESIAN_POINT ( 'NONE',  ( -0.8700000000000000000, 0.3249999999999999600, -0.1400000000000000100 ) ) ;
#2647 = ADVANCED_FACE ( 'NONE', ( #718 ), #2056, .T. ) ;
#2648 = CARTESIAN_POINT ( 'NONE',  ( -0.8249999999999999600, 0.4449999999999999500, 0.06250000000000000000 ) ) ;
#2649 = CARTESIAN_POINT ( 'NONE',  ( 0.6750000000000002700, 0.2199999999999999700, 0.06250000000000000000 ) ) ;
#2650 = ORIENTED_EDGE ( 'NONE', *, *, #2140, .T. ) ;
#2651 = LINE ( 'NONE', #1893, #2707 ) ;
#2652 = CARTESIAN_POINT ( 'NONE',  ( -0.7849999999999999200, 0.4249999999999999900, -0.09000000000000001100 ) ) ;
#2653 = EDGE_CURVE ( 'NONE', #2579, #2325, #2209, .T. ) ;
#2654 = PLANE ( 'NONE',  #94 ) ;
#2655 = CARTESIAN_POINT ( 'NONE',  ( 0.0000000000000000000, 0.3249999999999999600, 0.0000000000000000000 ) ) ;
#2656 = ORIENTED_EDGE ( 'NONE', *, *, #1369, .T. ) ;
#2657 = EDGE_CURVE ( 'NONE', #981, #1387, #118, .T. ) ;
#2658 = CARTESIAN_POINT ( 'NONE',  ( -0.8700000000000000000, 0.3249999999999999600, -0.1400000000000000100 ) ) ;
#2659 = LINE ( 'NONE', #971, #647 ) ;
#2660 = ORIENTED_EDGE ( 'NONE', *, *, #1141, .T. ) ;
#2661 = ADVANCED_FACE ( 'NONE', ( #1740 ), #1967, .F. ) ;
#2662 = VECTOR ( 'NONE', #1055, 39.37007874015748100 ) ;
#2663 = ORIENTED_EDGE ( 'NONE', *, *, #2324, .T. ) ;
#2664 = CARTESIAN_POINT ( 'NONE',  ( -0.8699999999999997700, -0.1250000000000000300, -0.1400000000000000100 ) ) ;
#2665 = DIRECTION ( 'NONE',  ( -0.0000000000000000000, -0.0000000000000000000, 1.000000000000000000 ) ) ;
#2666 = LINE ( 'NONE', #2218, #2458 ) ;
#2667 = ORIENTED_EDGE ( 'NONE', *, *, #883, .T. ) ;
#2668 = CARTESIAN_POINT ( 'NONE',  ( -0.6299999999999997800, -0.1250000000000000300, -0.08999999999999999700 ) ) ;
#2669 = VECTOR ( 'NONE', #1555, 39.37007874015748100 ) ;
#2670 = DIRECTION ( 'NONE',  ( -1.000000000000000000, 0.0000000000000000000, 0.0000000000000000000 ) ) ;
#2671 = AXIS2_PLACEMENT_3D ( 'NONE', #454, #1660, #3239 ) ;
#2672 = LINE ( 'NONE', #1087, #3333 ) ;
#2673 = ORIENTED_EDGE ( 'NONE', *, *, #899, .F. ) ;
#2674 = EDGE_CURVE ( 'NONE', #102, #1416, #96, .T. ) ;
#2675 = DIRECTION ( 'NONE',  ( 1.000000000000000000, 0.0000000000000000000, 7.114187483500688500E-017 ) ) ;
#2676 = ORIENTED_EDGE ( 'NONE', *, *, #2232, .F. ) ;
#2677 = ORIENTED_EDGE ( 'NONE', *, *, #602, .F. ) ;
#2678 = DIRECTION ( 'NONE',  ( 0.0000000000000000000, -1.000000000000000000, 0.0000000000000000000 ) ) ;
#2679 = LINE ( 'NONE', #676, #3360 ) ;
#2680 = EDGE_CURVE ( 'NONE', #3120, #1284, #2117, .T. ) ;
#2681 = EDGE_CURVE ( 'NONE', #2540, #2048, #2027, .T. ) ;
#2682 = EDGE_CURVE ( 'NONE', #1050, #3371, #3317, .T. ) ;
#2683 = ORIENTED_EDGE ( 'NONE', *, *, #191, .F. ) ;
#2684 = CYLINDRICAL_SURFACE ( 'NONE', #991, 0.02000000000000005900 ) ;
#2685 = DIRECTION ( 'NONE',  ( 0.0000000000000000000, -1.000000000000000000, 0.0000000000000000000 ) ) ;
#2686 = ORIENTED_EDGE ( 'NONE', *, *, #2642, .F. ) ;
#2687 = EDGE_CURVE ( 'NONE', #808, #3268, #2162, .T. ) ;
#2688 = AXIS2_PLACEMENT_3D ( 'NONE', #2052, #1519, #122 ) ;
#2689 = DIRECTION ( 'NONE',  ( 0.0000000000000000000, 0.0000000000000000000, -1.000000000000000000 ) ) ;
#2690 = CIRCLE ( 'NONE', #1966, 0.02000000000000005900 ) ;
#2691 = ADVANCED_FACE ( 'NONE', ( #2587 ), #2165, .T. ) ;
#2692 = EDGE_CURVE ( 'NONE', #1654, #1336, #815, .T. ) ;
#2693 = LINE ( 'NONE', #2568, #1269 ) ;
#2694 = DIRECTION ( 'NONE',  ( 0.0000000000000000000, 1.000000000000000000, 0.0000000000000000000 ) ) ;
#2695 = EDGE_CURVE ( 'NONE', #726, #822, #1403, .T. ) ;
#2696 = CARTESIAN_POINT ( 'NONE',  ( -0.6949999999999998400, -0.1250000000000000300, -0.08999999999999999700 ) ) ;
#2697 = CARTESIAN_POINT ( 'NONE',  ( 0.6950000000000000600, 0.4049999999999999700, -0.09000000000000001100 ) ) ;
#2698 = CIRCLE ( 'NONE', #1074, 0.1250000000000000300 ) ;
#2699 = ORIENTED_EDGE ( 'NONE', *, *, #2550, .F. ) ;
#2700 = DIRECTION ( 'NONE',  ( 5.154430176725025800E-016, 1.000000000000000000, 0.0000000000000000000 ) ) ;
#2701 = LINE ( 'NONE', #2638, #3099 ) ;
#2702 = ORIENTED_EDGE ( 'NONE', *, *, #1650, .F. ) ;
#2703 = VERTEX_POINT ( 'NONE', #3071 ) ;
#2704 = CARTESIAN_POINT ( 'NONE',  ( 0.6550000000000001400, -0.2300000000000000100, 0.0000000000000000000 ) ) ;
#2705 = ADVANCED_FACE ( 'NONE', ( #684 ), #2752, .F. ) ;
#2706 = DIRECTION ( 'NONE',  ( 1.000000000000000000, 0.0000000000000000000, 0.0000000000000000000 ) ) ;
#2707 = VECTOR ( 'NONE', #821, 39.37007874015748100 ) ;
#2708 = DIRECTION ( 'NONE',  ( -1.000000000000000000, 0.0000000000000000000, -0.0000000000000000000 ) ) ;
#2709 = ORIENTED_EDGE ( 'NONE', *, *, #2657, .T. ) ;
#2710 = EDGE_CURVE ( 'NONE', #1714, #2728, #523, .T. ) ;
#2711 = CARTESIAN_POINT ( 'NONE',  ( -0.7849999999999997000, -0.02500000000000001500, -0.09000000000000001100 ) ) ;
#2712 = VECTOR ( 'NONE', #1193, 39.37007874015748100 ) ;
#2713 = LINE ( 'NONE', #1469, #1591 ) ;
#2714 = EDGE_CURVE ( 'NONE', #1717, #1512, #2489, .T. ) ;
#2715 = DIRECTION ( 'NONE',  ( 5.154430176725025800E-016, 1.000000000000000000, 0.0000000000000000000 ) ) ;
#2716 = VERTEX_POINT ( 'NONE', #2337 ) ;
#2717 = FACE_OUTER_BOUND ( 'NONE', #606, .T. ) ;
#2718 = DIRECTION ( 'NONE',  ( -0.0000000000000000000, -0.0000000000000000000, 1.000000000000000000 ) ) ;
#2719 = VERTEX_POINT ( 'NONE', #2490 ) ;
#2720 = CARTESIAN_POINT ( 'NONE',  ( -0.8449999999999998600, 0.2199999999999999700, 0.0000000000000000000 ) ) ;
#2721 = EDGE_CURVE ( 'NONE', #2825, #2875, #2064, .T. ) ;
#2722 = VECTOR ( 'NONE', #3096, 39.37007874015748100 ) ;
#2723 = ORIENTED_EDGE ( 'NONE', *, *, #1139, .F. ) ;
#2724 = DIRECTION ( 'NONE',  ( -0.0000000000000000000, 1.000000000000000000, -0.0000000000000000000 ) ) ;
#2725 = CARTESIAN_POINT ( 'NONE',  ( 0.7749999999999999100, -0.7749999999999999100, 0.06250000000000000000 ) ) ;
#2726 = CARTESIAN_POINT ( 'NONE',  ( -0.8699999999999997700, -0.1250000000000000300, -0.1400000000000000100 ) ) ;
#2727 = VECTOR ( 'NONE', #1909, 39.37007874015748100 ) ;
#2728 = VERTEX_POINT ( 'NONE', #2636 ) ;
#2729 = CARTESIAN_POINT ( 'NONE',  ( 0.8449999999999997500, -0.2500000000000000000, 0.06250000000000000000 ) ) ;
#2730 = DIRECTION ( 'NONE',  ( 1.000000000000000000, 0.0000000000000000000, 0.0000000000000000000 ) ) ;
#2731 = EDGE_LOOP ( 'NONE', ( #3166, #564, #1743, #2898 ) ) ;
#2732 = EDGE_CURVE ( 'NONE', #265, #2404, #1505, .T. ) ;
#2733 = CARTESIAN_POINT ( 'NONE',  ( -0.8999999999999999100, -0.8999999999999999100, 0.06250000000000000000 ) ) ;
#2734 = LINE ( 'NONE', #1385, #480 ) ;
#2735 = AXIS2_PLACEMENT_3D ( 'NONE', #1341, #1685, #3315 ) ;
#2736 = CARTESIAN_POINT ( 'NONE',  ( -0.8999999999999999100, -0.8999999999999999100, 0.0000000000000000000 ) ) ;
#2737 = DIRECTION ( 'NONE',  ( 0.0000000000000000000, 0.0000000000000000000, -1.000000000000000000 ) ) ;
#2738 = VECTOR ( 'NONE', #1592, 39.37007874015748100 ) ;
#2739 = DIRECTION ( 'NONE',  ( -1.000000000000000000, 0.0000000000000000000, 0.0000000000000000000 ) ) ;
#2740 = CARTESIAN_POINT ( 'NONE',  ( -0.7149999999999998600, -0.02500000000000000500, 0.06250000000000000000 ) ) ;
#2741 = CYLINDRICAL_SURFACE ( 'NONE', #70, 0.02000000000000005900 ) ;
#2742 = EDGE_CURVE ( 'NONE', #954, #444, #2829, .T. ) ;
#2743 = ADVANCED_FACE ( 'NONE', ( #2393 ), #1703, .F. ) ;
#2744 = DIRECTION ( 'NONE',  ( 5.154430176725024800E-016, -1.000000000000000000, -0.0000000000000000000 ) ) ;
#2745 = FACE_OUTER_BOUND ( 'NONE', #2204, .T. ) ;
#2746 = ORIENTED_EDGE ( 'NONE', *, *, #2897, .T. ) ;
#2747 = DIRECTION ( 'NONE',  ( 1.000000000000000000, 0.0000000000000000000, 7.114187483500688500E-017 ) ) ;
#2748 = VECTOR ( 'NONE', #368, 39.37007874015748100 ) ;
#2749 = DIRECTION ( 'NONE',  ( 1.000000000000000000, 0.0000000000000000000, 0.0000000000000000000 ) ) ;
#2750 = CARTESIAN_POINT ( 'NONE',  ( -0.6550000000000001400, 0.4449999999999999500, 0.0000000000000000000 ) ) ;
#2751 = ORIENTED_EDGE ( 'NONE', *, *, #3, .F. ) ;
#2752 = PLANE ( 'NONE',  #570 ) ;
#2753 = LINE ( 'NONE', #2100, #563 ) ;
#2754 = DIRECTION ( 'NONE',  ( -1.000000000000000000, 0.0000000000000000000, 0.0000000000000000000 ) ) ;
#2755 = VERTEX_POINT ( 'NONE', #3185 ) ;
#2756 = CARTESIAN_POINT ( 'NONE',  ( 0.8049999999999998300, -0.1250000000000000300, -0.08999999999999999700 ) ) ;
#2757 = FACE_OUTER_BOUND ( 'NONE', #1608, .T. ) ;
#2758 = CIRCLE ( 'NONE', #1556, 0.02000000000000005900 ) ;
#2759 = VERTEX_POINT ( 'NONE', #3181 ) ;
#2760 = AXIS2_PLACEMENT_3D ( 'NONE', #2648, #1353, #915 ) ;
#2761 = DIRECTION ( 'NONE',  ( -1.000000000000000000, 5.154430176725025800E-016, 0.0000000000000000000 ) ) ;
#2762 = ORIENTED_EDGE ( 'NONE', *, *, #2093, .F. ) ;
#2763 = LINE ( 'NONE', #1136, #2181 ) ;
#2764 = EDGE_CURVE ( 'NONE', #808, #1041, #1382, .T. ) ;
#2765 = ORIENTED_EDGE ( 'NONE', *, *, #1225, .T. ) ;
#2766 = LINE ( 'NONE', #1036, #2794 ) ;
#2767 = CARTESIAN_POINT ( 'NONE',  ( -0.8449999999999996400, -0.2500000000000000600, 0.0000000000000000000 ) ) ;
#2768 = ORIENTED_EDGE ( 'NONE', *, *, #1003, .F. ) ;
#2769 = DIRECTION ( 'NONE',  ( 0.0000000000000000000, 0.0000000000000000000, -1.000000000000000000 ) ) ;
#2770 = EDGE_CURVE ( 'NONE', #2825, #846, #2698, .T. ) ;
#2771 = VECTOR ( 'NONE', #314, 39.37007874015748100 ) ;
#2772 = ORIENTED_EDGE ( 'NONE', *, *, #935, .F. ) ;
#2773 = CARTESIAN_POINT ( 'NONE',  ( -0.6549999999999998000, -0.005000000000000014800, 0.0000000000000000000 ) ) ;
#2774 = ORIENTED_EDGE ( 'NONE', *, *, #1513, .F. ) ;
#2775 = CIRCLE ( 'NONE', #3390, 0.02000000000000005900 ) ;
#2776 = DIRECTION ( 'NONE',  ( -0.0000000000000000000, 1.000000000000000000, -0.0000000000000000000 ) ) ;
#2777 = DIRECTION ( 'NONE',  ( -1.000000000000000000, -0.0000000000000000000, -0.0000000000000000000 ) ) ;
#2778 = CARTESIAN_POINT ( 'NONE',  ( 0.7849999999999998100, -0.02500000000000001500, -0.08999999999999999700 ) ) ;
#2779 = PLANE ( 'NONE',  #2101 ) ;
#2780 = AXIS2_PLACEMENT_3D ( 'NONE', #1214, #1441, #2381 ) ;
#2781 = LINE ( 'NONE', #1106, #2273 ) ;
#2782 = CARTESIAN_POINT ( 'NONE',  ( 0.8049999999999998300, -0.1250000000000000300, -0.08999999999999999700 ) ) ;
#2783 = EDGE_LOOP ( 'NONE', ( #2409, #2172, #604, #2904 ) ) ;
#2784 = CARTESIAN_POINT ( 'NONE',  ( 0.6949999999999999500, -0.1250000000000000300, -0.09000000000000001100 ) ) ;
#2785 = LINE ( 'NONE', #2266, #568 ) ;
#2786 = ORIENTED_EDGE ( 'NONE', *, *, #759, .T. ) ;
#2787 = EDGE_CURVE ( 'NONE', #3083, #2967, #1791, .T. ) ;
#2788 = VECTOR ( 'NONE', #1281, 39.37007874015748100 ) ;
#2789 = DIRECTION ( 'NONE',  ( -0.0000000000000000000, -0.0000000000000000000, 1.000000000000000000 ) ) ;
#2790 = LINE ( 'NONE', #2180, #1609 ) ;
#2791 = CARTESIAN_POINT ( 'NONE',  ( 0.7750000000000000200, 0.8999999999999999100, 0.03750000000000013000 ) ) ;
#2792 = EDGE_CURVE ( 'NONE', #2875, #1000, #202, .T. ) ;
#2793 = EDGE_LOOP ( 'NONE', ( #75, #2025, #2936, #3134 ) ) ;
#2794 = VECTOR ( 'NONE', #2678, 39.37007874015748100 ) ;
#2795 = CARTESIAN_POINT ( 'NONE',  ( -0.6950000000000000600, 0.3249999999999999600, -0.08999999999999999700 ) ) ;
#2796 = ORIENTED_EDGE ( 'NONE', *, *, #2186, .F. ) ;
#2797 = EDGE_CURVE ( 'NONE', #3084, #3340, #1393, .T. ) ;
#2798 = EDGE_CURVE ( 'NONE', #1282, #1834, #783, .T. ) ;
#2799 = CIRCLE ( 'NONE', #273, 0.02000000000000005900 ) ;
#2800 = AXIS2_PLACEMENT_3D ( 'NONE', #2879, #2769, #2891 ) ;
#2801 = EDGE_LOOP ( 'NONE', ( #2253, #2667, #2880, #140 ) ) ;
#2802 = ORIENTED_EDGE ( 'NONE', *, *, #1270, .T. ) ;
#2803 = DIRECTION ( 'NONE',  ( -1.000000000000000000, -1.707404996040159400E-015, 0.0000000000000000000 ) ) ;
#2804 = AXIS2_PLACEMENT_3D ( 'NONE', #1069, #298, #1895 ) ;
#2805 = VECTOR ( 'NONE', #2219, 39.37007874015748100 ) ;
#2806 = ORIENTED_EDGE ( 'NONE', *, *, #849, .T. ) ;
#2807 = FACE_OUTER_BOUND ( 'NONE', #83, .T. ) ;
#2808 = EDGE_CURVE ( 'NONE', #1834, #1698, #3373, .T. ) ;
#2809 = CARTESIAN_POINT ( 'NONE',  ( 0.8700000000000000000, 0.4249999999999999900, -0.08999999999999999700 ) ) ;
#2810 = CARTESIAN_POINT ( 'NONE',  ( -0.8249999999999998400, -0.2300000000000000400, 0.0000000000000000000 ) ) ;
#2811 = ORIENTED_EDGE ( 'NONE', *, *, #2114, .T. ) ;
#2812 = ORIENTED_EDGE ( 'NONE', *, *, #1030, .F. ) ;
#2813 = DIRECTION ( 'NONE',  ( 0.0000000000000000000, 0.0000000000000000000, -1.000000000000000000 ) ) ;
#2814 = VERTEX_POINT ( 'NONE', #878 ) ;
#2815 = LINE ( 'NONE', #1898, #605 ) ;
#2816 = EDGE_CURVE ( 'NONE', #2210, #2623, #1108, .T. ) ;
#2817 = VECTOR ( 'NONE', #36, 39.37007874015748900 ) ;
#2818 = ORIENTED_EDGE ( 'NONE', *, *, #2611, .T. ) ;
#2819 = ADVANCED_FACE ( 'NONE', ( #3391 ), #2426, .F. ) ;
#2820 = DIRECTION ( 'NONE',  ( 0.0000000000000000000, 0.0000000000000000000, -1.000000000000000000 ) ) ;
#2821 = ORIENTED_EDGE ( 'NONE', *, *, #2298, .F. ) ;
#2822 = DIRECTION ( 'NONE',  ( 0.0000000000000000000, 0.7071067811865435800, 0.7071067811865513500 ) ) ;
#2823 = AXIS2_PLACEMENT_3D ( 'NONE', #1984, #2737, #1562 ) ;
#2824 = VECTOR ( 'NONE', #997, 39.37007874015748100 ) ;
#2825 = VERTEX_POINT ( 'NONE', #2480 ) ;
#2826 = DIRECTION ( 'NONE',  ( -0.0000000000000000000, -0.0000000000000000000, 1.000000000000000000 ) ) ;
#2827 = CARTESIAN_POINT ( 'NONE',  ( 0.6300000000000001200, 0.4249999999999999900, -0.1400000000000000100 ) ) ;
#2828 = EDGE_CURVE ( 'NONE', #882, #1199, #864, .T. ) ;
#2829 = LINE ( 'NONE', #3026, #2158 ) ;
#2830 = DIRECTION ( 'NONE',  ( 0.0000000000000000000, 0.0000000000000000000, 1.000000000000000000 ) ) ;
#2831 = CARTESIAN_POINT ( 'NONE',  ( -0.6749999999999997100, -0.2300000000000000100, -0.08999999999999999700 ) ) ;
#2832 = CYLINDRICAL_SURFACE ( 'NONE', #1335, 0.02000000000000005900 ) ;
#2833 = VERTEX_POINT ( 'NONE', #1646 ) ;
#2834 = CARTESIAN_POINT ( 'NONE',  ( -0.6549999999999998000, -0.005000000000000025300, 0.0000000000000000000 ) ) ;
#2835 = LINE ( 'NONE', #2990, #58 ) ;
#2836 = ORIENTED_EDGE ( 'NONE', *, *, #330, .T. ) ;
#2837 = DIRECTION ( 'NONE',  ( -0.0000000000000000000, -0.0000000000000000000, 1.000000000000000000 ) ) ;
#2838 = EDGE_CURVE ( 'NONE', #1346, #882, #3260, .T. ) ;
#2839 = FILL_AREA_STYLE ('',( #3164 ) ) ;
#2840 = CIRCLE ( 'NONE', #2446, 0.02000000000000005900 ) ;
#2841 = ADVANCED_FACE ( 'NONE', ( #1495 ), #299, .F. ) ;
#2842 = DIRECTION ( 'NONE',  ( 5.154430176725025800E-016, 1.000000000000000000, 0.0000000000000000000 ) ) ;
#2843 = ORIENTED_EDGE ( 'NONE', *, *, #10, .T. ) ;
#2844 = CIRCLE ( 'NONE', #3068, 0.02000000000000005900 ) ;
#2845 = CARTESIAN_POINT ( 'NONE',  ( -0.6949999999999998400, -0.02500000000000001500, -0.08999999999999999700 ) ) ;
#2846 = EDGE_CURVE ( 'NONE', #3218, #1963, #1849, .T. ) ;
#2847 = CARTESIAN_POINT ( 'NONE',  ( 0.8999999999999999100, -0.7749999999999999100, 0.06250000000000000000 ) ) ;
#2848 = AXIS2_PLACEMENT_3D ( 'NONE', #1300, #2534, #2238 ) ;
#2849 = CARTESIAN_POINT ( 'NONE',  ( -0.7149999999999998600, -0.02500000000000001500, -0.08999999999999999700 ) ) ;
#2850 = CIRCLE ( 'NONE', #1171, 0.02000000000000005900 ) ;
#2851 = DIRECTION ( 'NONE',  ( -0.0000000000000000000, -0.0000000000000000000, 1.000000000000000000 ) ) ;
#2852 = EDGE_LOOP ( 'NONE', ( #327, #2020, #497, #2195 ) ) ;
#2853 = CARTESIAN_POINT ( 'NONE',  ( -0.8999999999999999100, -0.7749999999999999100, 0.03750000000000013000 ) ) ;
#2854 = DIRECTION ( 'NONE',  ( 0.0000000000000000000, 0.0000000000000000000, -1.000000000000000000 ) ) ;
#2855 = DIRECTION ( 'NONE',  ( -1.000000000000000000, 0.0000000000000000000, -0.0000000000000000000 ) ) ;
#2856 = ORIENTED_EDGE ( 'NONE', *, *, #1881, .F. ) ;
#2857 = DIRECTION ( 'NONE',  ( -1.000000000000000000, -0.0000000000000000000, -0.0000000000000000000 ) ) ;
#2858 = CARTESIAN_POINT ( 'NONE',  ( 0.6300000000000001200, 0.3249999999999999600, -0.1400000000000000100 ) ) ;
#2859 = VECTOR ( 'NONE', #2438, 39.37007874015748100 ) ;
#2860 = ORIENTED_EDGE ( 'NONE', *, *, #1481, .T. ) ;
#2861 = EDGE_CURVE ( 'NONE', #954, #1127, #483, .T. ) ;
#2862 = VECTOR ( 'NONE', #13, 39.37007874015748100 ) ;
#2863 = DIRECTION ( 'NONE',  ( -1.000000000000000000, 0.0000000000000000000, -0.0000000000000000000 ) ) ;
#2864 = DIRECTION ( 'NONE',  ( -1.000000000000000000, 0.0000000000000000000, 0.0000000000000000000 ) ) ;
#2865 = VECTOR ( 'NONE', #2535, 39.37007874015748100 ) ;
#2866 = VECTOR ( 'NONE', #3296, 39.37007874015748100 ) ;
#2867 = ORIENTED_EDGE ( 'NONE', *, *, #1139, .T. ) ;
#2868 = VECTOR ( 'NONE', #2962, 39.37007874015748100 ) ;
#2869 = ORIENTED_EDGE ( 'NONE', *, *, #264, .T. ) ;
#2870 = AXIS2_PLACEMENT_3D ( 'NONE', #3163, #2071, #986 ) ;
#2871 = VECTOR ( 'NONE', #351, 39.37007874015748100 ) ;
#2872 = ADVANCED_FACE ( 'NONE', ( #2937 ), #1238, .F. ) ;
#2873 = CARTESIAN_POINT ( 'NONE',  ( -0.6949999999999998400, -0.1250000000000000300, -0.04000000000000000100 ) ) ;
#2874 = LINE ( 'NONE', #1100, #662 ) ;
#2875 = VERTEX_POINT ( 'NONE', #1854 ) ;
#2876 = DIRECTION ( 'NONE',  ( 1.000000000000000000, 0.0000000000000000000, 0.0000000000000000000 ) ) ;
#2877 = AXIS2_PLACEMENT_3D ( 'NONE', #1748, #2598, #1622 ) ;
#2878 = DIRECTION ( 'NONE',  ( -0.0000000000000000000, -0.0000000000000000000, 1.000000000000000000 ) ) ;
#2879 = CARTESIAN_POINT ( 'NONE',  ( 0.6750000000000000400, 0.2199999999999999500, 0.06250000000000000000 ) ) ;
#2880 = ORIENTED_EDGE ( 'NONE', *, *, #2406, .F. ) ;
#2881 = LINE ( 'NONE', #259, #956 ) ;
#2882 = PLANE ( 'NONE',  #1471 ) ;
#2883 = ORIENTED_EDGE ( 'NONE', *, *, #594, .F. ) ;
#2884 = VECTOR ( 'NONE', #1153, 39.37007874015748100 ) ;
#2885 = CARTESIAN_POINT ( 'NONE',  ( 0.6750000000000000400, 0.01499999999999997700, 0.0000000000000000000 ) ) ;
#2886 = ADVANCED_FACE ( 'NONE', ( #415 ), #742, .F. ) ;
#2887 = PLANE ( 'NONE',  #1558 ) ;
#2888 = EDGE_CURVE ( 'NONE', #1809, #255, #1613, .T. ) ;
#2889 = ORIENTED_EDGE ( 'NONE', *, *, #2610, .F. ) ;
#2890 = AXIS2_PLACEMENT_3D ( 'NONE', #2599, #3009, #188 ) ;
#2891 = DIRECTION ( 'NONE',  ( -1.000000000000000000, 0.0000000000000000000, 0.0000000000000000000 ) ) ;
#2892 = CARTESIAN_POINT ( 'NONE',  ( -0.8449999999999997500, 0.01499999999999997700, 0.0000000000000000000 ) ) ;
#2893 = CARTESIAN_POINT ( 'NONE',  ( -0.6949999999999998400, -0.2300000000000000100, 0.0000000000000000000 ) ) ;
#2894 = CARTESIAN_POINT ( 'NONE',  ( 0.8050000000000000500, 0.3249999999999999600, -0.04000000000000000100 ) ) ;
#2895 = DIRECTION ( 'NONE',  ( 0.0000000000000000000, 0.0000000000000000000, -1.000000000000000000 ) ) ;
#2896 = CARTESIAN_POINT ( 'NONE',  ( 0.7750000000000000200, -0.8999999999999999100, 0.03750000000000013000 ) ) ;
#2897 = EDGE_CURVE ( 'NONE', #265, #1412, #3049, .T. ) ;
#2898 = ORIENTED_EDGE ( 'NONE', *, *, #2465, .F. ) ;
#2899 = CARTESIAN_POINT ( 'NONE',  ( -0.8999999999999999100, 0.7750000000000000200, 0.06250000000000000000 ) ) ;
#2900 = CIRCLE ( 'NONE', #77, 0.04000000000000000100 ) ;
#2901 = CARTESIAN_POINT ( 'NONE',  ( 0.8249999999999999600, -0.2500000000000000000, 0.0000000000000000000 ) ) ;
#2902 = CARTESIAN_POINT ( 'NONE',  ( 0.7750000000000000200, -0.8999999999999999100, 0.03750000000000013000 ) ) ;
#2903 = DIRECTION ( 'NONE',  ( -0.7071067811865435800, 0.0000000000000000000, 0.7071067811865513500 ) ) ;
#2904 = ORIENTED_EDGE ( 'NONE', *, *, #449, .F. ) ;
#2905 = ADVANCED_FACE ( 'NONE', ( #2405 ), #1729, .F. ) ;
#2906 = DIRECTION ( 'NONE',  ( -1.000000000000000000, 0.0000000000000000000, 0.0000000000000000000 ) ) ;
#2907 = AXIS2_PLACEMENT_3D ( 'NONE', #1517, #2694, #2956 ) ;
#2908 = LINE ( 'NONE', #950, #987 ) ;
#2909 = VERTEX_POINT ( 'NONE', #1667 ) ;
#2910 = CARTESIAN_POINT ( 'NONE',  ( 0.8250000000000000700, 0.2199999999999999700, -0.08999999999999999700 ) ) ;
#2911 = ORIENTED_EDGE ( 'NONE', *, *, #3028, .F. ) ;
#2912 = ADVANCED_FACE ( 'NONE', ( #1262 ), #1949, .F. ) ;
#2913 = DIRECTION ( 'NONE',  ( -0.0000000000000000000, 0.0000000000000000000, 1.000000000000000000 ) ) ;
#2914 = DIRECTION ( 'NONE',  ( 1.000000000000000000, 0.0000000000000000000, -0.0000000000000000000 ) ) ;
#2915 = VECTOR ( 'NONE', #1148, 39.37007874015748100 ) ;
#2916 = DIRECTION ( 'NONE',  ( 0.0000000000000000000, 0.0000000000000000000, -1.000000000000000000 ) ) ;
#2917 = EDGE_LOOP ( 'NONE', ( #111, #3117, #369, #1553, #1507, #748, #2796 ) ) ;
#2918 = DIRECTION ( 'NONE',  ( -1.000000000000000000, 0.0000000000000000000, 0.0000000000000000000 ) ) ;
#2919 = DIRECTION ( 'NONE',  ( -1.000000000000000000, 0.0000000000000000000, 0.0000000000000000000 ) ) ;
#2920 = LINE ( 'NONE', #1285, #2978 ) ;
#2921 = VERTEX_POINT ( 'NONE', #965 ) ;
#2922 = FACE_OUTER_BOUND ( 'NONE', #2085, .T. ) ;
#2923 = ORIENTED_EDGE ( 'NONE', *, *, #1270, .F. ) ;
#2924 = DIRECTION ( 'NONE',  ( 0.0000000000000000000, 0.0000000000000000000, -1.000000000000000000 ) ) ;
#2925 = VERTEX_POINT ( 'NONE', #3107 ) ;
#2926 = ADVANCED_FACE ( 'NONE', ( #2363 ), #475, .F. ) ;
#2927 = FACE_OUTER_BOUND ( 'NONE', #3266, .T. ) ;
#2928 = ORIENTED_EDGE ( 'NONE', *, *, #2065, .T. ) ;
#2929 = CIRCLE ( 'NONE', #528, 0.02000000000000005900 ) ;
#2930 = DIRECTION ( 'NONE',  ( 0.0000000000000000000, -1.000000000000000000, 0.0000000000000000000 ) ) ;
#2931 = ORIENTED_EDGE ( 'NONE', *, *, #263, .T. ) ;
#2932 = LENGTH_MEASURE_WITH_UNIT ( LENGTH_MEASURE( 0.02539999999999999900 ), #91 );
#2933 = ORIENTED_EDGE ( 'NONE', *, *, #1218, .T. ) ;
#2934 = CARTESIAN_POINT ( 'NONE',  ( 0.8249999999999999600, 0.4649999999999999700, 0.06250000000000000000 ) ) ;
#2935 = EDGE_CURVE ( 'NONE', #1166, #609, #2775, .T. ) ;
#2936 = ORIENTED_EDGE ( 'NONE', *, *, #2861, .F. ) ;
#2937 = FACE_OUTER_BOUND ( 'NONE', #640, .T. ) ;
#2938 = PLANE ( 'NONE',  #608 ) ;
#2939 = FACE_OUTER_BOUND ( 'NONE', #757, .T. ) ;
#2940 = VERTEX_POINT ( 'NONE', #2164 ) ;
#2941 = LINE ( 'NONE', #3387, #3069 ) ;
#2942 = ORIENTED_EDGE ( 'NONE', *, *, #156, .F. ) ;
#2943 = VECTOR ( 'NONE', #238, 39.37007874015748100 ) ;
#2944 = CIRCLE ( 'NONE', #2054, 0.02000000000000005900 ) ;
#2945 = DIRECTION ( 'NONE',  ( -0.0000000000000000000, -0.0000000000000000000, 1.000000000000000000 ) ) ;
#2946 = ORIENTED_EDGE ( 'NONE', *, *, #278, .T. ) ;
#2947 = CARTESIAN_POINT ( 'NONE',  ( 0.8699999999999998800, -0.1250000000000000300, -0.1399999999999999900 ) ) ;
#2948 = EDGE_CURVE ( 'NONE', #323, #1050, #834, .T. ) ;
#2949 = EDGE_CURVE ( 'NONE', #2623, #1050, #533, .T. ) ;
#2950 = PLANE ( 'NONE',  #2622 ) ;
#2951 = EDGE_CURVE ( 'NONE', #2215, #954, #418, .T. ) ;
#2952 = ADVANCED_FACE ( 'NONE', ( #2922 ), #1800, .T. ) ;
#2953 = LINE ( 'NONE', #1656, #1042 ) ;
#2954 = ORIENTED_EDGE ( 'NONE', *, *, #2543, .F. ) ;
#2955 = ORIENTED_EDGE ( 'NONE', *, *, #785, .T. ) ;
#2956 = DIRECTION ( 'NONE',  ( 0.0000000000000000000, -0.0000000000000000000, 1.000000000000000000 ) ) ;
#2957 = CIRCLE ( 'NONE', #2552, 0.02000000000000005900 ) ;
#2958 = EDGE_LOOP ( 'NONE', ( #3174, #2080, #1418, #797 ) ) ;
#2959 = CIRCLE ( 'NONE', #3175, 0.02000000000000005900 ) ;
#2960 = ORIENTED_EDGE ( 'NONE', *, *, #1763, .T. ) ;
#2961 = DIRECTION ( 'NONE',  ( 0.0000000000000000000, 0.0000000000000000000, -1.000000000000000000 ) ) ;
#2962 = DIRECTION ( 'NONE',  ( 1.000000000000000000, 0.0000000000000000000, 7.114187483500688500E-017 ) ) ;
#2963 = CARTESIAN_POINT ( 'NONE',  ( 0.8049999999999998300, -0.1250000000000000300, -0.08999999999999999700 ) ) ;
#2964 = ORIENTED_EDGE ( 'NONE', *, *, #1030, .T. ) ;
#2965 = AXIS2_PLACEMENT_3D ( 'NONE', #2646, #1022, #1053 ) ;
#2966 = PLANE ( 'NONE',  #2275 ) ;
#2967 = VERTEX_POINT ( 'NONE', #2849 ) ;
#2968 = CARTESIAN_POINT ( 'NONE',  ( -0.6550000000000001400, 0.4449999999999999500, 0.0000000000000000000 ) ) ;
#2969 = CARTESIAN_POINT ( 'NONE',  ( 0.6300000000000000000, -0.02500000000000001500, -0.09000000000000001100 ) ) ;
#2970 = DIRECTION ( 'NONE',  ( -0.0000000000000000000, -0.0000000000000000000, 1.000000000000000000 ) ) ;
#2971 = EDGE_CURVE ( 'NONE', #3198, #743, #1010, .T. ) ;
#2972 = AXIS2_PLACEMENT_3D ( 'NONE', #2127, #1887, #2063 ) ;
#2973 = VECTOR ( 'NONE', #3121, 39.37007874015748100 ) ;
#2974 = DIRECTION ( 'NONE',  ( -1.000000000000000000, 0.0000000000000000000, 0.0000000000000000000 ) ) ;
#2975 = DIRECTION ( 'NONE',  ( -1.000000000000000000, 0.0000000000000000000, 0.0000000000000000000 ) ) ;
#2976 = DIRECTION ( 'NONE',  ( -1.000000000000000000, 0.0000000000000000000, 0.0000000000000000000 ) ) ;
#2977 =( NAMED_UNIT ( * ) SI_UNIT ( $, .STERADIAN. ) SOLID_ANGLE_UNIT ( ) );
#2978 = VECTOR ( 'NONE', #588, 39.37007874015748100 ) ;
#2979 = EDGE_LOOP ( 'NONE', ( #940, #38, #1948, #1848 ) ) ;
#2980 = DIRECTION ( 'NONE',  ( 1.000000000000000000, 0.0000000000000000000, 0.0000000000000000000 ) ) ;
#2981 = VECTOR ( 'NONE', #2777, 39.37007874015748100 ) ;
#2982 = ORIENTED_EDGE ( 'NONE', *, *, #3112, .T. ) ;
#2983 = CARTESIAN_POINT ( 'NONE',  ( -0.7849999999999999200, 0.4049999999999999700, -0.09000000000000001100 ) ) ;
#2984 = APPLICATION_CONTEXT ( 'automotive_design' ) ;
#2985 = VECTOR ( 'NONE', #1152, 39.37007874015748100 ) ;
#2986 = EDGE_CURVE ( 'NONE', #2608, #2719, #1186, .T. ) ;
#2987 = ORIENTED_EDGE ( 'NONE', *, *, #262, .T. ) ;
#2988 = CARTESIAN_POINT ( 'NONE',  ( 0.7150000000000001900, 0.4049999999999999700, -0.09000000000000001100 ) ) ;
#2989 = PLANE ( 'NONE',  #1142 ) ;
#2990 = CARTESIAN_POINT ( 'NONE',  ( 0.8249999999999998400, 0.1999999999999999800, 0.0000000000000000000 ) ) ;
#2991 = LINE ( 'NONE', #2403, #809 ) ;
#2992 = EDGE_LOOP ( 'NONE', ( #3307, #2185, #1192, #1097, #1052 ) ) ;
#2993 = DIRECTION ( 'NONE',  ( 0.0000000000000000000, 0.0000000000000000000, 1.000000000000000000 ) ) ;
#2994 = AXIS2_PLACEMENT_3D ( 'NONE', #2358, #66, #1812 ) ;
#2995 = EDGE_LOOP ( 'NONE', ( #308, #3092, #2281, #2257, #2869, #1120, #2928, #2533, #542, #3011, #1870, #1496, #2461, #3100 ) ) ;
#2996 = DIRECTION ( 'NONE',  ( -1.000000000000000000, -0.0000000000000000000, -0.0000000000000000000 ) ) ;
#2997 = AXIS2_PLACEMENT_3D ( 'NONE', #1855, #438, #1165 ) ;
#2998 = CARTESIAN_POINT ( 'NONE',  ( 0.8249999999999999600, 0.4649999999999999700, 0.06250000000000000000 ) ) ;
#2999 = CARTESIAN_POINT ( 'NONE',  ( -0.8050000000000000500, 0.2199999999999999500, -0.09000000000000001100 ) ) ;
#3000 = LINE ( 'NONE', #2963, #3186 ) ;
#3001 = ORIENTED_EDGE ( 'NONE', *, *, #2732, .T. ) ;
#3002 = VECTOR ( 'NONE', #2506, 39.37007874015748100 ) ;
#3003 = CARTESIAN_POINT ( 'NONE',  ( -0.6949999999999998400, -0.04500000000000001200, -0.08999999999999999700 ) ) ;
#3004 = ORIENTED_EDGE ( 'NONE', *, *, #2797, .F. ) ;
#3005 = EDGE_CURVE ( 'NONE', #2161, #1231, #157, .T. ) ;
#3006 = ORIENTED_EDGE ( 'NONE', *, *, #171, .T. ) ;
#3007 = DIRECTION ( 'NONE',  ( -1.000000000000000000, -0.0000000000000000000, -0.0000000000000000000 ) ) ;
#3008 = ORIENTED_EDGE ( 'NONE', *, *, #891, .T. ) ;
#3009 = DIRECTION ( 'NONE',  ( 0.0000000000000000000, -0.0000000000000000000, 1.000000000000000000 ) ) ;
#3010 = DIRECTION ( 'NONE',  ( -1.000000000000000000, 0.0000000000000000000, 0.0000000000000000000 ) ) ;
#3011 = ORIENTED_EDGE ( 'NONE', *, *, #2175, .F. ) ;
#3012 = AXIS2_PLACEMENT_3D ( 'NONE', #2487, #2240, #1735 ) ;
#3013 = ADVANCED_FACE ( 'NONE', ( #2423 ), #2832, .F. ) ;
#3014 = CARTESIAN_POINT ( 'NONE',  ( -0.8700000000000000000, 0.4249999999999999900, -0.1400000000000000100 ) ) ;
#3015 = PLANE ( 'NONE',  #2383 ) ;
#3016 = AXIS2_PLACEMENT_3D ( 'NONE', #2472, #2227, #649 ) ;
#3017 = VERTEX_POINT ( 'NONE', #1476 ) ;
#3018 = EDGE_CURVE ( 'NONE', #1041, #265, #2850, .T. ) ;
#3019 = ORIENTED_EDGE ( 'NONE', *, *, #1650, .T. ) ;
#3020 = AXIS2_PLACEMENT_3D ( 'NONE', #2527, #1859, #2207 ) ;
#3021 = CARTESIAN_POINT ( 'NONE',  ( -0.8249999999999998400, 0.2199999999999999700, 0.0000000000000000000 ) ) ;
#3022 = CARTESIAN_POINT ( 'NONE',  ( 0.6300000000000000000, -0.02500000000000001500, -0.1400000000000000100 ) ) ;
#3023 = FACE_OUTER_BOUND ( 'NONE', #2375, .T. ) ;
#3024 = VERTEX_POINT ( 'NONE', #43 ) ;
#3025 = CARTESIAN_POINT ( 'NONE',  ( -0.7150000000000001900, 0.4249999999999999900, 0.0000000000000000000 ) ) ;
#3026 = CARTESIAN_POINT ( 'NONE',  ( 0.8449999999999998600, 0.1999999999999999800, 0.0000000000000000000 ) ) ;
#3027 = ORIENTED_EDGE ( 'NONE', *, *, #384, .F. ) ;
#3028 = EDGE_CURVE ( 'NONE', #2420, #1284, #831, .T. ) ;
#3029 = FACE_OUTER_BOUND ( 'NONE', #2090, .T. ) ;
#3030 = CARTESIAN_POINT ( 'NONE',  ( 0.8250000000000000700, 0.1999999999999999800, 0.0000000000000000000 ) ) ;
#3031 = CIRCLE ( 'NONE', #447, 0.02000000000000005900 ) ;
#3032 = EDGE_CURVE ( 'NONE', #2640, #2370, #2991, .T. ) ;
#3033 = EDGE_CURVE ( 'NONE', #3377, #2623, #2419, .T. ) ;
#3034 = LINE ( 'NONE', #2584, #1462 ) ;
#3035 = VERTEX_POINT ( 'NONE', #1981 ) ;
#3036 = CARTESIAN_POINT ( 'NONE',  ( 0.8999999999999999100, -0.8999999999999999100, 0.06250000000000000000 ) ) ;
#3037 = EDGE_CURVE ( 'NONE', #1951, #2131, #3207, .T. ) ;
#3038 = EDGE_CURVE ( 'NONE', #613, #2444, #2015, .T. ) ;
#3039 = EDGE_CURVE ( 'NONE', #743, #1291, #753, .T. ) ;
#3040 = LINE ( 'NONE', #3103, #1459 ) ;
#3041 = ORIENTED_EDGE ( 'NONE', *, *, #1789, .F. ) ;
#3042 = AXIS2_PLACEMENT_3D ( 'NONE', #2252, #117, #2189 ) ;
#3043 = DIRECTION ( 'NONE',  ( 0.0000000000000000000, 0.0000000000000000000, -1.000000000000000000 ) ) ;
#3044 = CARTESIAN_POINT ( 'NONE',  ( 0.8249999999999996200, -0.2300000000000000100, 0.0000000000000000000 ) ) ;
#3045 = CIRCLE ( 'NONE', #727, 0.02000000000000005900 ) ;
#3046 = DIRECTION ( 'NONE',  ( -0.0000000000000000000, -0.7071067811865514600, -0.7071067811865436900 ) ) ;
#3047 = AXIS2_PLACEMENT_3D ( 'NONE', #337, #1361, #2340 ) ;
#3048 = CARTESIAN_POINT ( 'NONE',  ( 0.8049999999999998300, -0.02500000000000001500, -0.08999999999999999700 ) ) ;
#3049 = LINE ( 'NONE', #879, #2380 ) ;
#3050 = VERTEX_POINT ( 'NONE', #2413 ) ;
#3051 = ORIENTED_EDGE ( 'NONE', *, *, #3395, .F. ) ;
#3052 = FACE_OUTER_BOUND ( 'NONE', #121, .T. ) ;
#3053 = EDGE_LOOP ( 'NONE', ( #2289, #1590, #1493, #1150 ) ) ;
#3054 = DIRECTION ( 'NONE',  ( 0.0000000000000000000, 0.0000000000000000000, -1.000000000000000000 ) ) ;
#3055 = LINE ( 'NONE', #1170, #1049 ) ;
#3056 = ORIENTED_EDGE ( 'NONE', *, *, #883, .F. ) ;
#3057 = DIRECTION ( 'NONE',  ( 0.0000000000000000000, -0.0000000000000000000, -1.000000000000000000 ) ) ;
#3058 = CARTESIAN_POINT ( 'NONE',  ( -0.8249999999999995100, -0.2300000000000000100, 0.06250000000000000000 ) ) ;
#3059 = CARTESIAN_POINT ( 'NONE',  ( -0.8999999999999999100, 0.8999999999999999100, 0.06250000000000000000 ) ) ;
#3060 = ORIENTED_EDGE ( 'NONE', *, *, #1243, .T. ) ;
#3061 = CARTESIAN_POINT ( 'NONE',  ( -0.6950000000000000600, 0.3249999999999999600, -0.08999999999999999700 ) ) ;
#3062 = DIRECTION ( 'NONE',  ( 0.0000000000000000000, 0.0000000000000000000, -1.000000000000000000 ) ) ;
#3063 = EDGE_CURVE ( 'NONE', #2302, #2107, #1985, .T. ) ;
#3064 = ORIENTED_EDGE ( 'NONE', *, *, #2642, .T. ) ;
#3065 = FACE_OUTER_BOUND ( 'NONE', #320, .T. ) ;
#3066 = EDGE_CURVE ( 'NONE', #2364, #1327, #1912, .T. ) ;
#3067 = DIRECTION ( 'NONE',  ( 0.0000000000000000000, 0.0000000000000000000, -1.000000000000000000 ) ) ;
#3068 = AXIS2_PLACEMENT_3D ( 'NONE', #180, #897, #2975 ) ;
#3069 = VECTOR ( 'NONE', #2903, 39.37007874015748900 ) ;
#3070 = ORIENTED_EDGE ( 'NONE', *, *, #858, .F. ) ;
#3071 = CARTESIAN_POINT ( 'NONE',  ( -0.8049999999999997200, -0.2300000000000000400, 0.06250000000000000000 ) ) ;
#3072 = EDGE_CURVE ( 'NONE', #3340, #2634, #1628, .T. ) ;
#3073 = EDGE_CURVE ( 'NONE', #1384, #2579, #401, .T. ) ;
#3074 = ORIENTED_EDGE ( 'NONE', *, *, #2355, .T. ) ;
#3075 = CARTESIAN_POINT ( 'NONE',  ( 0.6949999999999999500, -0.1250000000000000300, 0.0000000000000000000 ) ) ;
#3076 = LINE ( 'NONE', #2096, #2727 ) ;
#3077 = ORIENTED_EDGE ( 'NONE', *, *, #1002, .F. ) ;
#3078 = EDGE_CURVE ( 'NONE', #2716, #3377, #2785, .T. ) ;
#3079 = DIRECTION ( 'NONE',  ( -0.0000000000000000000, -0.0000000000000000000, 1.000000000000000000 ) ) ;
#3080 = DIRECTION ( 'NONE',  ( 0.0000000000000000000, -0.0000000000000000000, -1.000000000000000000 ) ) ;
#3081 = ORIENTED_EDGE ( 'NONE', *, *, #384, .T. ) ;
#3082 = DIRECTION ( 'NONE',  ( 0.0000000000000000000, 0.0000000000000000000, -1.000000000000000000 ) ) ;
#3083 = VERTEX_POINT ( 'NONE', #352 ) ;
#3084 = VERTEX_POINT ( 'NONE', #48 ) ;
#3085 = EDGE_CURVE ( 'NONE', #323, #1565, #2574, .T. ) ;
#3086 = DIRECTION ( 'NONE',  ( -7.114187483500688500E-017, -0.0000000000000000000, 1.000000000000000000 ) ) ;
#3087 = EDGE_CURVE ( 'NONE', #810, #648, #1657, .T. ) ;
#3088 = DIRECTION ( 'NONE',  ( -1.000000000000000000, -0.0000000000000000000, -0.0000000000000000000 ) ) ;
#3089 = LINE ( 'NONE', #3075, #2374 ) ;
#3090 = AXIS2_PLACEMENT_3D ( 'NONE', #513, #514, #63 ) ;
#3091 = DIRECTION ( 'NONE',  ( 0.0000000000000000000, 0.0000000000000000000, -1.000000000000000000 ) ) ;
#3092 = ORIENTED_EDGE ( 'NONE', *, *, #3192, .T. ) ;
#3093 = VECTOR ( 'NONE', #1122, 39.37007874015748100 ) ;
#3094 = ORIENTED_EDGE ( 'NONE', *, *, #3394, .F. ) ;
#3095 = ORIENTED_EDGE ( 'NONE', *, *, #1953, .F. ) ;
#3096 = DIRECTION ( 'NONE',  ( 0.0000000000000000000, 1.000000000000000000, 0.0000000000000000000 ) ) ;
#3097 = AXIS2_PLACEMENT_3D ( 'NONE', #2310, #3104, #2749 ) ;
#3098 = CARTESIAN_POINT ( 'NONE',  ( 0.6300000000000001200, 0.3249999999999999600, -0.1400000000000000100 ) ) ;
#3099 = VECTOR ( 'NONE', #2352, 39.37007874015748900 ) ;
#3100 = ORIENTED_EDGE ( 'NONE', *, *, #2935, .T. ) ;
#3101 = CARTESIAN_POINT ( 'NONE',  ( 0.6300000000000001200, 0.4249999999999999900, -0.1400000000000000100 ) ) ;
#3102 = VECTOR ( 'NONE', #435, 39.37007874015748100 ) ;
#3103 = CARTESIAN_POINT ( 'NONE',  ( 0.8049999999999998300, -0.1650000000000000100, 0.0000000000000000000 ) ) ;
#3104 = DIRECTION ( 'NONE',  ( 0.0000000000000000000, 0.0000000000000000000, 1.000000000000000000 ) ) ;
#3105 = VERTEX_POINT ( 'NONE', #80 ) ;
#3106 = VECTOR ( 'NONE', #2102, 39.37007874015748100 ) ;
#3107 = CARTESIAN_POINT ( 'NONE',  ( 0.6950000000000000600, 0.4049999999999999700, 0.06250000000000000000 ) ) ;
#3108 = DIRECTION ( 'NONE',  ( -0.0000000000000000000, 0.0000000000000000000, -1.000000000000000000 ) ) ;
#3109 = VERTEX_POINT ( 'NONE', #593 ) ;
#3110 = DIRECTION ( 'NONE',  ( 1.000000000000000000, 0.0000000000000000000, 0.0000000000000000000 ) ) ;
#3111 = LINE ( 'NONE', #1485, #919 ) ;
#3112 = EDGE_CURVE ( 'NONE', #3105, #2833, #790, .T. ) ;
#3113 = ORIENTED_EDGE ( 'NONE', *, *, #828, .F. ) ;
#3114 = AXIS2_PLACEMENT_3D ( 'NONE', #3189, #452, #2115 ) ;
#3115 = CIRCLE ( 'NONE', #679, 0.02000000000000005900 ) ;
#3116 = CARTESIAN_POINT ( 'NONE',  ( -0.6949999999999998400, -0.1250000000000000300, 0.06250000000000000000 ) ) ;
#3117 = ORIENTED_EDGE ( 'NONE', *, *, #943, .T. ) ;
#3118 = ADVANCED_FACE ( 'NONE', ( #2492 ), #1445, .T. ) ;
#3119 = ADVANCED_FACE ( 'NONE', ( #1031 ), #383, .F. ) ;
#3120 = VERTEX_POINT ( 'NONE', #2301 ) ;
#3121 = DIRECTION ( 'NONE',  ( -0.0000000000000000000, -0.0000000000000000000, -1.000000000000000000 ) ) ;
#3122 = CYLINDRICAL_SURFACE ( 'NONE', #3020, 0.02000000000000005900 ) ;
#3123 = ORIENTED_EDGE ( 'NONE', *, *, #1605, .T. ) ;
#3124 = FACE_OUTER_BOUND ( 'NONE', #1324, .T. ) ;
#3125 = ORIENTED_EDGE ( 'NONE', *, *, #2333, .T. ) ;
#3126 = PLANE ( 'NONE',  #248 ) ;
#3127 = EDGE_CURVE ( 'NONE', #682, #1185, #2763, .T. ) ;
#3128 = VECTOR ( 'NONE', #1203, 39.37007874015748100 ) ;
#3129 = ORIENTED_EDGE ( 'NONE', *, *, #3233, .T. ) ;
#3130 = PLANE ( 'NONE',  #876 ) ;
#3131 = ORIENTED_EDGE ( 'NONE', *, *, #1061, .T. ) ;
#3132 = EDGE_CURVE ( 'NONE', #133, #1814, #895, .T. ) ;
#3133 = AXIS2_PLACEMENT_3D ( 'NONE', #2211, #3091, #1308 ) ;
#3134 = ORIENTED_EDGE ( 'NONE', *, *, #2951, .F. ) ;
#3135 = FACE_OUTER_BOUND ( 'NONE', #2614, .T. ) ;
#3136 = DIRECTION ( 'NONE',  ( 1.000000000000000000, 0.0000000000000000000, 0.0000000000000000000 ) ) ;
#3137 = ORIENTED_EDGE ( 'NONE', *, *, #367, .T. ) ;
#3138 = LINE ( 'NONE', #2658, #1484 ) ;
#3139 = EDGE_LOOP ( 'NONE', ( #1683, #1480, #624, #397 ) ) ;
#3140 = DIRECTION ( 'NONE',  ( -0.0000000000000000000, -0.0000000000000000000, 1.000000000000000000 ) ) ;
#3141 = DIRECTION ( 'NONE',  ( -0.0000000000000000000, -1.000000000000000000, -0.0000000000000000000 ) ) ;
#3142 = EDGE_CURVE ( 'NONE', #2572, #2424, #1330, .T. ) ;
#3143 = DIRECTION ( 'NONE',  ( -0.0000000000000000000, -0.0000000000000000000, 1.000000000000000000 ) ) ;
#3144 = ORIENTED_EDGE ( 'NONE', *, *, #185, .T. ) ;
#3145 = ORIENTED_EDGE ( 'NONE', *, *, #1526, .T. ) ;
#3146 = ORIENTED_EDGE ( 'NONE', *, *, #1883, .F. ) ;
#3147 = ORIENTED_EDGE ( 'NONE', *, *, #1299, .F. ) ;
#3148 = AXIS2_PLACEMENT_3D ( 'NONE', #1220, #3235, #250 ) ;
#3149 = CARTESIAN_POINT ( 'NONE',  ( -0.7749999999999999100, 0.8999999999999999100, 0.03750000000000013000 ) ) ;
#3150 = DIRECTION ( 'NONE',  ( -0.0000000000000000000, 0.0000000000000000000, 1.000000000000000000 ) ) ;
#3151 = ADVANCED_FACE ( 'NONE', ( #1939 ), #2950, .T. ) ;
#3152 = ORIENTED_EDGE ( 'NONE', *, *, #344, .F. ) ;
#3153 = AXIS2_PLACEMENT_3D ( 'NONE', #1922, #1256, #924 ) ;
#3154 = ADVANCED_FACE ( 'NONE', ( #1129 ), #226, .F. ) ;
#3155 = VECTOR ( 'NONE', #210, 39.37007874015748100 ) ;
#3156 = ORIENTED_EDGE ( 'NONE', *, *, #1105, .F. ) ;
#3157 = DIRECTION ( 'NONE',  ( 0.0000000000000000000, -0.0000000000000000000, -1.000000000000000000 ) ) ;
#3158 = DIRECTION ( 'NONE',  ( -0.0000000000000000000, 0.0000000000000000000, -1.000000000000000000 ) ) ;
#3159 = ORIENTED_EDGE ( 'NONE', *, *, #53, .F. ) ;
#3160 = DIRECTION ( 'NONE',  ( 0.0000000000000000000, 0.0000000000000000000, -1.000000000000000000 ) ) ;
#3161 = LINE ( 'NONE', #2729, #44 ) ;
#3162 = ORIENTED_EDGE ( 'NONE', *, *, #3085, .F. ) ;
#3163 = CARTESIAN_POINT ( 'NONE',  ( -0.6750000000000002700, 0.2199999999999999700, 0.06250000000000000000 ) ) ;
#3164 = FILL_AREA_STYLE_COLOUR ( '', #728 ) ;
#3165 = CYLINDRICAL_SURFACE ( 'NONE', #1310, 0.02000000000000005900 ) ;
#3166 = ORIENTED_EDGE ( 'NONE', *, *, #2124, .F. ) ;
#3167 = PLANE ( 'NONE',  #925 ) ;
#3168 = EDGE_CURVE ( 'NONE', #1387, #2640, #755, .T. ) ;
#3169 = VERTEX_POINT ( 'NONE', #532 ) ;
#3170 = VECTOR ( 'NONE', #2789, 39.37007874015748100 ) ;
#3171 = ADVANCED_FACE ( 'NONE', ( #3305 ), #356, .F. ) ;
#3172 = ORIENTED_EDGE ( 'NONE', *, *, #547, .F. ) ;
#3173 = CIRCLE ( 'NONE', #2997, 0.04000000000000000100 ) ;
#3174 = ORIENTED_EDGE ( 'NONE', *, *, #1225, .F. ) ;
#3175 = AXIS2_PLACEMENT_3D ( 'NONE', #3044, #2970, #2803 ) ;
#3176 = VECTOR ( 'NONE', #2126, 39.37007874015748100 ) ;
#3177 = CARTESIAN_POINT ( 'NONE',  ( 0.8249999999999996200, -0.2300000000000000100, 0.06250000000000000000 ) ) ;
#3178 = ORIENTED_EDGE ( 'NONE', *, *, #449, .T. ) ;
#3179 = CARTESIAN_POINT ( 'NONE',  ( 0.8050000000000000500, 0.4249999999999999900, -0.08999999999999999700 ) ) ;
#3180 = EDGE_LOOP ( 'NONE', ( #1547, #2016, #998, #2125 ) ) ;
#3181 = CARTESIAN_POINT ( 'NONE',  ( -0.8050000000000000500, 0.4049999999999999700, -0.09000000000000001100 ) ) ;
#3182 = ORIENTED_EDGE ( 'NONE', *, *, #2124, .T. ) ;
#3183 = DIRECTION ( 'NONE',  ( 5.154430176725024800E-016, -1.000000000000000000, -0.0000000000000000000 ) ) ;
#3184 = LINE ( 'NONE', #1755, #1801 ) ;
#3185 = CARTESIAN_POINT ( 'NONE',  ( -0.6949999999999998400, -0.2300000000000000100, 0.06250000000000000000 ) ) ;
#3186 = VECTOR ( 'NONE', #1905, 39.37007874015748100 ) ;
#3187 = DIRECTION ( 'NONE',  ( 0.0000000000000000000, -1.000000000000000000, 0.0000000000000000000 ) ) ;
#3188 = DIRECTION ( 'NONE',  ( 0.0000000000000000000, 0.0000000000000000000, -1.000000000000000000 ) ) ;
#3189 = CARTESIAN_POINT ( 'NONE',  ( -0.7849999999999997000, -0.04500000000000001200, -0.09000000000000001100 ) ) ;
#3190 = ORIENTED_EDGE ( 'NONE', *, *, #2232, .T. ) ;
#3191 = CARTESIAN_POINT ( 'NONE',  ( -0.6749999999999999300, 0.01499999999999997700, 0.06250000000000000000 ) ) ;
#3192 = EDGE_CURVE ( 'NONE', #3280, #2925, #2199, .T. ) ;
#3193 = FACE_OUTER_BOUND ( 'NONE', #1623, .T. ) ;
#3194 = VERTEX_POINT ( 'NONE', #2196 ) ;
#3195 = CARTESIAN_POINT ( 'NONE',  ( -0.8449999999999996400, -0.2300000000000000100, 0.06250000000000000000 ) ) ;
#3196 = AXIS2_PLACEMENT_3D ( 'NONE', #2335, #1731, #289 ) ;
#3197 = FACE_OUTER_BOUND ( 'NONE', #957, .T. ) ;
#3198 = VERTEX_POINT ( 'NONE', #285 ) ;
#3199 = DIRECTION ( 'NONE',  ( -5.154430176725024800E-016, 1.000000000000000000, 0.0000000000000000000 ) ) ;
#3200 = CARTESIAN_POINT ( 'NONE',  ( -0.8049999999999997200, -0.04500000000000001200, -0.09000000000000001100 ) ) ;
#3201 = LINE ( 'NONE', #108, #3336 ) ;
#3202 = ORIENTED_EDGE ( 'NONE', *, *, #2312, .T. ) ;
#3203 = DIMENSIONAL_EXPONENTS ( 1.000000000000000000, 0.0000000000000000000, 0.0000000000000000000, 0.0000000000000000000, 0.0000000000000000000, 0.0000000000000000000, 0.0000000000000000000 ) ;
#3204 = ORIENTED_EDGE ( 'NONE', *, *, #482, .T. ) ;
#3205 = DIRECTION ( 'NONE',  ( 0.0000000000000000000, -0.0000000000000000000, -1.000000000000000000 ) ) ;
#3206 = ORIENTED_EDGE ( 'NONE', *, *, #2245, .T. ) ;
#3207 = LINE ( 'NONE', #260, #982 ) ;
#3208 = EDGE_LOOP ( 'NONE', ( #3064, #645, #626, #525 ) ) ;
#3209 = VECTOR ( 'NONE', #2842, 39.37007874015748100 ) ;
#3210 = ORIENTED_EDGE ( 'NONE', *, *, #868, .F. ) ;
#3211 = CARTESIAN_POINT ( 'NONE',  ( 0.6550000000000001400, -0.2300000000000000100, 0.06250000000000000000 ) ) ;
#3212 = AXIS2_PLACEMENT_3D ( 'NONE', #826, #2254, #1787 ) ;
#3213 = LINE ( 'NONE', #1248, #2467 ) ;
#3214 = ORIENTED_EDGE ( 'NONE', *, *, #2808, .F. ) ;
#3215 = PLANE ( 'NONE',  #2780 ) ;
#3216 = CARTESIAN_POINT ( 'NONE',  ( -0.6550000000000000300, -0.2500000000000000000, 0.0000000000000000000 ) ) ;
#3217 = EDGE_CURVE ( 'NONE', #3274, #1166, #1540, .T. ) ;
#3218 = VERTEX_POINT ( 'NONE', #554 ) ;
#3219 = AXIS2_PLACEMENT_3D ( 'NONE', #2782, #1525, #1919 ) ;
#3220 = DIRECTION ( 'NONE',  ( -0.0000000000000000000, -0.0000000000000000000, 1.000000000000000000 ) ) ;
#3221 = ORIENTED_EDGE ( 'NONE', *, *, #1195, .T. ) ;
#3222 = LINE ( 'NONE', #472, #244 ) ;
#3223 = CARTESIAN_POINT ( 'NONE',  ( 0.6750000000000000400, -0.005000000000000023500, 0.06250000000000000000 ) ) ;
#3224 = ORIENTED_EDGE ( 'NONE', *, *, #367, .F. ) ;
#3225 = VECTOR ( 'NONE', #995, 39.37007874015748100 ) ;
#3226 = ORIENTED_EDGE ( 'NONE', *, *, #2682, .F. ) ;
#3227 = DIRECTION ( 'NONE',  ( 1.000000000000000000, 0.0000000000000000000, 7.114187483500688500E-017 ) ) ;
#3228 = LENGTH_MEASURE_WITH_UNIT ( LENGTH_MEASURE( 0.02539999999999999900 ), #2160 );
#3229 = ORIENTED_EDGE ( 'NONE', *, *, #1599, .T. ) ;
#3230 = VECTOR ( 'NONE', #1518, 39.37007874015748100 ) ;
#3231 = ORIENTED_EDGE ( 'NONE', *, *, #462, .F. ) ;
#3232 = DIRECTION ( 'NONE',  ( -1.000000000000000000, 0.0000000000000000000, 0.0000000000000000000 ) ) ;
#3233 = EDGE_CURVE ( 'NONE', #1254, #1877, #1664, .T. ) ;
#3234 = DIRECTION ( 'NONE',  ( 0.0000000000000000000, 0.0000000000000000000, -1.000000000000000000 ) ) ;
#3235 = DIRECTION ( 'NONE',  ( -0.0000000000000000000, -0.0000000000000000000, 1.000000000000000000 ) ) ;
#3236 = ORIENTED_EDGE ( 'NONE', *, *, #23, .T. ) ;
#3237 = DIRECTION ( 'NONE',  ( 1.000000000000000000, -0.0000000000000000000, -0.0000000000000000000 ) ) ;
#3238 = LINE ( 'NONE', #2947, #1311 ) ;
#3239 = DIRECTION ( 'NONE',  ( -1.000000000000000000, 0.0000000000000000000, 0.0000000000000000000 ) ) ;
#3240 = EDGE_LOOP ( 'NONE', ( #493, #1634, #2683, #1516 ) ) ;
#3241 = AXIS2_PLACEMENT_3D ( 'NONE', #3270, #440, #3108 ) ;
#3242 = ORIENTED_EDGE ( 'NONE', *, *, #2247, .T. ) ;
#3243 = EDGE_CURVE ( 'NONE', #1278, #1474, #1164, .T. ) ;
#3244 = LINE ( 'NONE', #1572, #2583 ) ;
#3245 = ORIENTED_EDGE ( 'NONE', *, *, #1379, .T. ) ;
#3246 = CARTESIAN_POINT ( 'NONE',  ( -0.8449999999999997500, 0.01499999999999997700, 0.06250000000000000000 ) ) ;
#3247 = DIRECTION ( 'NONE',  ( -1.000000000000000000, 0.0000000000000000000, 0.0000000000000000000 ) ) ;
#3248 = DIRECTION ( 'NONE',  ( 0.0000000000000000000, 0.0000000000000000000, -1.000000000000000000 ) ) ;
#3249 = VECTOR ( 'NONE', #3359, 39.37007874015748100 ) ;
#3250 = ADVANCED_FACE ( 'NONE', ( #3357 ), #1581, .F. ) ;
#3251 = ADVANCED_FACE ( 'NONE', ( #3193 ), #3292, .T. ) ;
#3252 = CARTESIAN_POINT ( 'NONE',  ( 0.6750000000000001600, -0.2300000000000000100, 0.06250000000000000000 ) ) ;
#3253 = DIRECTION ( 'NONE',  ( -1.000000000000000000, 0.0000000000000000000, -0.0000000000000000000 ) ) ;
#3254 = LINE ( 'NONE', #81, #913 ) ;
#3255 = DIRECTION ( 'NONE',  ( 0.0000000000000000000, 0.0000000000000000000, -1.000000000000000000 ) ) ;
#3256 = EDGE_LOOP ( 'NONE', ( #2551, #105, #2057, #2860, #888, #2112, #54, #1233, #1720, #1799, #667, #902 ) ) ;
#3257 = VERTEX_POINT ( 'NONE', #3211 ) ;
#3258 = DIRECTION ( 'NONE',  ( -0.0000000000000000000, -0.0000000000000000000, 1.000000000000000000 ) ) ;
#3259 = CARTESIAN_POINT ( 'NONE',  ( -0.8449999999999998600, 0.1999999999999999600, 0.06250000000000000000 ) ) ;
#3260 = LINE ( 'NONE', #3275, #315 ) ;
#3261 = CIRCLE ( 'NONE', #2216, 0.02000000000000005900 ) ;
#3262 = DIRECTION ( 'NONE',  ( -1.000000000000000000, 0.0000000000000000000, 0.0000000000000000000 ) ) ;
#3263 = ORIENTED_EDGE ( 'NONE', *, *, #3032, .F. ) ;
#3264 = DIRECTION ( 'NONE',  ( -1.000000000000000000, -0.0000000000000000000, -0.0000000000000000000 ) ) ;
#3265 = AXIS2_PLACEMENT_3D ( 'NONE', #275, #2334, #3199 ) ;
#3266 = EDGE_LOOP ( 'NONE', ( #1168, #3396, #733, #558 ) ) ;
#3267 = SURFACE_SIDE_STYLE ('',( #3310 ) ) ;
#3268 = VERTEX_POINT ( 'NONE', #2229 ) ;
#3269 = PRODUCT_DEFINITION ( 'UNKNOWN', '', #34, #2478 ) ;
#3270 = CARTESIAN_POINT ( 'NONE',  ( 0.6950000000000000600, 0.3249999999999999600, -0.09000000000000001100 ) ) ;
#3271 = DIRECTION ( 'NONE',  ( -1.000000000000000000, 0.0000000000000000000, 0.0000000000000000000 ) ) ;
#3272 = FACE_OUTER_BOUND ( 'NONE', #908, .T. ) ;
#3273 = FACE_OUTER_BOUND ( 'NONE', #560, .T. ) ;
#3274 = VERTEX_POINT ( 'NONE', #391 ) ;
#3275 = CARTESIAN_POINT ( 'NONE',  ( 0.8249999999999998400, 0.01499999999999997700, 0.06250000000000000000 ) ) ;
#3276 = CARTESIAN_POINT ( 'NONE',  ( 0.6550000000000002500, 0.2199999999999999700, 0.06250000000000000000 ) ) ;
#3277 = LINE ( 'NONE', #1398, #1377 ) ;
#3278 = ORIENTED_EDGE ( 'NONE', *, *, #1680, .T. ) ;
#3279 = LINE ( 'NONE', #301, #2722 ) ;
#3280 = VERTEX_POINT ( 'NONE', #584 ) ;
#3281 = VECTOR ( 'NONE', #631, 39.37007874015748100 ) ;
#3282 = ORIENTED_EDGE ( 'NONE', *, *, #522, .T. ) ;
#3283 = CARTESIAN_POINT ( 'NONE',  ( -0.6749999999999999300, -0.005000000000000014800, 0.06250000000000000000 ) ) ;
#3284 = AXIS2_PLACEMENT_3D ( 'NONE', #60, #3248, #1934 ) ;
#3285 = ORIENTED_EDGE ( 'NONE', *, *, #899, .T. ) ;
#3286 = CARTESIAN_POINT ( 'NONE',  ( 0.6749999999999999300, -0.2500000000000000600, 0.06250000000000000000 ) ) ;
#3287 = ORIENTED_EDGE ( 'NONE', *, *, #1423, .T. ) ;
#3288 = AXIS2_PLACEMENT_3D ( 'NONE', #2649, #2604, #1242 ) ;
#3289 = DIRECTION ( 'NONE',  ( -5.154430176725024800E-016, 1.000000000000000000, 0.0000000000000000000 ) ) ;
#3290 = CARTESIAN_POINT ( 'NONE',  ( 0.6949999999999999500, -0.04500000000000001200, -0.09000000000000001100 ) ) ;
#3291 = EDGE_CURVE ( 'NONE', #2131, #1412, #2415, .T. ) ;
#3292 = CYLINDRICAL_SURFACE ( 'NONE', #955, 0.02000000000000005900 ) ;
#3293 = ORIENTED_EDGE ( 'NONE', *, *, #2628, .T. ) ;
#3294 = CARTESIAN_POINT ( 'NONE',  ( -0.8999999999999999100, 0.8999999999999999100, 0.03750000000000013000 ) ) ;
#3295 = FACE_BOUND ( 'NONE', #1786, .T. ) ;
#3296 = DIRECTION ( 'NONE',  ( -1.000000000000000000, 0.0000000000000000000, 0.0000000000000000000 ) ) ;
#3297 = CARTESIAN_POINT ( 'NONE',  ( 0.7150000000000001900, 0.4249999999999999900, 0.0000000000000000000 ) ) ;
#3298 = LINE ( 'NONE', #2272, #761 ) ;
#3299 = AXIS2_PLACEMENT_3D ( 'NONE', #1065, #2389, #1047 ) ;
#3300 = DIRECTION ( 'NONE',  ( 0.0000000000000000000, 0.0000000000000000000, 1.000000000000000000 ) ) ;
#3301 = VERTEX_POINT ( 'NONE', #1277 ) ;
#3302 = VERTEX_POINT ( 'NONE', #2720 ) ;
#3303 = ORIENTED_EDGE ( 'NONE', *, *, #610, .F. ) ;
#3304 = CARTESIAN_POINT ( 'NONE',  ( -0.8700000000000000000, 0.3249999999999999600, -0.09000000000000001100 ) ) ;
#3305 = FACE_OUTER_BOUND ( 'NONE', #869, .T. ) ;
#3306 = DIRECTION ( 'NONE',  ( 0.0000000000000000000, 0.0000000000000000000, -1.000000000000000000 ) ) ;
#3307 = ORIENTED_EDGE ( 'NONE', *, *, #16, .T. ) ;
#3308 = DIRECTION ( 'NONE',  ( 0.0000000000000000000, 0.0000000000000000000, 1.000000000000000000 ) ) ;
#3309 = EDGE_CURVE ( 'NONE', #846, #743, #3076, .T. ) ;
#3310 = SURFACE_STYLE_FILL_AREA ( #2839 ) ;
#3311 = CARTESIAN_POINT ( 'NONE',  ( -0.6299999999999997800, -0.1250000000000000300, -0.08999999999999999700 ) ) ;
#3312 = ORIENTED_EDGE ( 'NONE', *, *, #209, .T. ) ;
#3313 = DIRECTION ( 'NONE',  ( -0.0000000000000000000, 1.000000000000000000, -0.0000000000000000000 ) ) ;
#3314 = DIRECTION ( 'NONE',  ( 0.0000000000000000000, 0.0000000000000000000, -1.000000000000000000 ) ) ;
#3315 = DIRECTION ( 'NONE',  ( -1.000000000000000000, 0.0000000000000000000, 0.0000000000000000000 ) ) ;
#3316 = CARTESIAN_POINT ( 'NONE',  ( 0.8249999999999998400, -0.005000000000000014800, 0.06250000000000000000 ) ) ;
#3317 = LINE ( 'NONE', #2159, #3225 ) ;
#3318 = PLANE ( 'NONE',  #2965 ) ;
#3319 = DIRECTION ( 'NONE',  ( -0.0000000000000000000, -0.0000000000000000000, 1.000000000000000000 ) ) ;
#3320 = DIRECTION ( 'NONE',  ( -1.000000000000000000, 0.0000000000000000000, 0.0000000000000000000 ) ) ;
#3321 = VERTEX_POINT ( 'NONE', #633 ) ;
#3322 = DIRECTION ( 'NONE',  ( -0.0000000000000000000, 1.000000000000000000, -0.0000000000000000000 ) ) ;
#3323 = VECTOR ( 'NONE', #2689, 39.37007874015748100 ) ;
#3324 = ORIENTED_EDGE ( 'NONE', *, *, #1219, .T. ) ;
#3325 = DIRECTION ( 'NONE',  ( -0.0000000000000000000, -0.0000000000000000000, 1.000000000000000000 ) ) ;
#3326 = AXIS2_PLACEMENT_3D ( 'NONE', #1695, #1019, #717 ) ;
#3327 = CARTESIAN_POINT ( 'NONE',  ( -0.7749999999999999100, 0.7750000000000000200, 0.06250000000000000000 ) ) ;
#3328 = CYLINDRICAL_SURFACE ( 'NONE', #2013, 0.02000000000000005900 ) ;
#3329 = DIRECTION ( 'NONE',  ( -1.000000000000000000, -0.0000000000000000000, -0.0000000000000000000 ) ) ;
#3330 = LINE ( 'NONE', #3014, #2521 ) ;
#3331 = ORIENTED_EDGE ( 'NONE', *, *, #61, .T. ) ;
#3332 = ADVANCED_FACE ( 'NONE', ( #769 ), #487, .F. ) ;
#3333 = VECTOR ( 'NONE', #786, 39.37007874015748100 ) ;
#3334 = DIRECTION ( 'NONE',  ( -0.0000000000000000000, -0.0000000000000000000, 1.000000000000000000 ) ) ;
#3335 = CARTESIAN_POINT ( 'NONE',  ( -0.8049999999999997200, -0.1250000000000000300, -0.09000000000000001100 ) ) ;
#3336 = VECTOR ( 'NONE', #2854, 39.37007874015748100 ) ;
#3337 = EDGE_LOOP ( 'NONE', ( #3019, #251, #95, #836 ) ) ;
#3338 = VERTEX_POINT ( 'NONE', #2166 ) ;
#3339 = CARTESIAN_POINT ( 'NONE',  ( -0.8999999999999999100, 0.8999999999999999100, 0.0000000000000000000 ) ) ;
#3340 = VERTEX_POINT ( 'NONE', #2443 ) ;
#3341 = VECTOR ( 'NONE', #1666, 39.37007874015748100 ) ;
#3342 = CARTESIAN_POINT ( 'NONE',  ( 0.6550000000000001400, -0.2500000000000000600, 0.06250000000000000000 ) ) ;
#3343 = PLANE ( 'NONE',  #1845 ) ;
#3344 = AXIS2_PLACEMENT_3D ( 'NONE', #2910, #141, #2133 ) ;
#3345 = FACE_OUTER_BOUND ( 'NONE', #3208, .T. ) ;
#3346 = CARTESIAN_POINT ( 'NONE',  ( -0.8249999999999996200, -0.005000000000000023500, 0.06250000000000000000 ) ) ;
#3347 = ORIENTED_EDGE ( 'NONE', *, *, #1360, .T. ) ;
#3348 = DIRECTION ( 'NONE',  ( -1.000000000000000000, 0.0000000000000000000, 0.0000000000000000000 ) ) ;
#3349 = EDGE_CURVE ( 'NONE', #2432, #386, #2701, .T. ) ;
#3350 = ORIENTED_EDGE ( 'NONE', *, *, #1002, .T. ) ;
#3351 = VECTOR ( 'NONE', #1852, 39.37007874015748100 ) ;
#3352 = ORIENTED_EDGE ( 'NONE', *, *, #1481, .F. ) ;
#3353 = DIRECTION ( 'NONE',  ( -1.000000000000000000, 0.0000000000000000000, -0.0000000000000000000 ) ) ;
#3354 = LINE ( 'NONE', #2307, #2498 ) ;
#3355 = ORIENTED_EDGE ( 'NONE', *, *, #1453, .F. ) ;
#3356 = EDGE_CURVE ( 'NONE', #3399, #1809, #2734, .T. ) ;
#3357 = FACE_OUTER_BOUND ( 'NONE', #1701, .T. ) ;
#3358 = EDGE_LOOP ( 'NONE', ( #419, #2923, #3113, #1843 ) ) ;
#3359 = DIRECTION ( 'NONE',  ( 0.0000000000000000000, 0.0000000000000000000, -1.000000000000000000 ) ) ;
#3360 = VECTOR ( 'NONE', #1838, 39.37007874015748100 ) ;
#3361 = ORIENTED_EDGE ( 'NONE', *, *, #1526, .F. ) ;
#3362 = VECTOR ( 'NONE', #2348, 39.37007874015748100 ) ;
#3363 = AXIS2_PLACEMENT_3D ( 'NONE', #1531, #1979, #2919 ) ;
#3364 = DIRECTION ( 'NONE',  ( -0.0000000000000000000, -0.0000000000000000000, 1.000000000000000000 ) ) ;
#3365 = DIRECTION ( 'NONE',  ( 0.0000000000000000000, 0.0000000000000000000, 1.000000000000000000 ) ) ;
#3366 =( NAMED_UNIT ( * ) PLANE_ANGLE_UNIT ( ) SI_UNIT ( $, .RADIAN. ) );
#3367 = CIRCLE ( 'NONE', #294, 0.02000000000000005900 ) ;
#3368 = CARTESIAN_POINT ( 'NONE',  ( -0.8049999999999997200, -0.1250000000000000300, -0.09000000000000001100 ) ) ;
#3369 = CARTESIAN_POINT ( 'NONE',  ( -0.7150000000000001900, 0.4249999999999999900, 0.06250000000000000000 ) ) ;
#3370 = VECTOR ( 'NONE', #3007, 39.37007874015748100 ) ;
#3371 = VERTEX_POINT ( 'NONE', #1856 ) ;
#3372 = APPLICATION_PROTOCOL_DEFINITION ( 'draft international standard', 'automotive_design', 1998, #2170 ) ;
#3373 = LINE ( 'NONE', #1916, #441 ) ;
#3374 = CARTESIAN_POINT ( 'NONE',  ( 0.6950000000000000600, 0.3249999999999999600, -0.09000000000000001100 ) ) ;
#3375 = LINE ( 'NONE', #2019, #1693 ) ;
#3376 = DIRECTION ( 'NONE',  ( -1.000000000000000000, 0.0000000000000000000, 0.0000000000000000000 ) ) ;
#3377 = VERTEX_POINT ( 'NONE', #1860 ) ;
#3378 = EDGE_CURVE ( 'NONE', #1963, #2420, #33, .T. ) ;
#3379 = CARTESIAN_POINT ( 'NONE',  ( -0.7149999999999998600, -0.04500000000000001200, 0.06250000000000000000 ) ) ;
#3380 = DIRECTION ( 'NONE',  ( -0.0000000000000000000, -0.0000000000000000000, 1.000000000000000000 ) ) ;
#3381 = CARTESIAN_POINT ( 'NONE',  ( -0.7849999999999997000, -0.02500000000000001500, 0.0000000000000000000 ) ) ;
#3382 = LINE ( 'NONE', #1990, #2973 ) ;
#3383 = AXIS2_PLACEMENT_3D ( 'NONE', #3059, #1331, #1428 ) ;
#3384 = CYLINDRICAL_SURFACE ( 'NONE', #1980, 0.02000000000000005900 ) ;
#3385 = AXIS2_PLACEMENT_3D ( 'NONE', #76, #2200, #3262 ) ;
#3386 = ORIENTED_EDGE ( 'NONE', *, *, #1844, .T. ) ;
#3387 = CARTESIAN_POINT ( 'NONE',  ( 0.9000000000000001300, 0.7750000000000000200, 0.03750000000000013000 ) ) ;
#3388 = ORIENTED_EDGE ( 'NONE', *, *, #3033, .F. ) ;
#3389 = CARTESIAN_POINT ( 'NONE',  ( -0.6949999999999998400, -0.2300000000000000100, -0.08999999999999999700 ) ) ;
#3390 = AXIS2_PLACEMENT_3D ( 'NONE', #1376, #3364, #751 ) ;
#3391 = FACE_OUTER_BOUND ( 'NONE', #245, .T. ) ;
#3392 = DIRECTION ( 'NONE',  ( 0.0000000000000000000, 0.0000000000000000000, -1.000000000000000000 ) ) ;
#3393 = EDGE_CURVE ( 'NONE', #2703, #1254, #1415, .T. ) ;
#3394 = EDGE_CURVE ( 'NONE', #1499, #1728, #1184, .T. ) ;
#3395 = EDGE_CURVE ( 'NONE', #130, #3274, #3031, .T. ) ;
#3396 = ORIENTED_EDGE ( 'NONE', *, *, #2239, .F. ) ;
#3397 = VECTOR ( 'NONE', #2350, 39.37007874015748100 ) ;
#3398 = EDGE_CURVE ( 'NONE', #2967, #9, #2620, .T. ) ;
#3399 = VERTEX_POINT ( 'NONE', #412 ) ;
#3400 = DIRECTION ( 'NONE',  ( -0.0000000000000000000, -0.0000000000000000000, -1.000000000000000000 ) ) ;
#3401 = DIRECTION ( 'NONE',  ( -0.0000000000000000000, -0.0000000000000000000, 1.000000000000000000 ) ) ;
#3402 = CIRCLE ( 'NONE', #267, 0.04000000000000000100 ) ;
#3403 = ORIENTED_EDGE ( 'NONE', *, *, #215, .F. ) ;
#3404 = DIRECTION ( 'NONE',  ( -1.000000000000000000, -0.0000000000000000000, -0.0000000000000000000 ) ) ;
#3405 = EDGE_CURVE ( 'NONE', #2515, #1877, #1688, .T. ) ;
#3406 = VECTOR ( 'NONE', #1723, 39.37007874015748100 ) ;
#3407 = ORIENTED_EDGE ( 'NONE', *, *, #84, .T. ) ;
ENDSEC;
END-ISO-10303-21;
